datetime,open,high,low,close,volume
2020-01-01 00:00:00,100.0,100.2,99.8,100.0745071229517,1018
2020-01-01 00:05:00,100.0745071229517,100.40343494808832,99.87435810870579,100.30313181627206,982
2020-01-01 00:10:00,100.30313181627206,100.6412725348748,100.1025255526395,100.54073180307174,1033
2020-01-01 00:15:00,100.54073180307174,100.74181326667788,100.33965033946559,100.6225558788156,961
2020-01-01 00:20:00,100.6225558788156,100.82380099057323,100.42131076705797,100.65907617210243,690
2020-01-01 00:25:00,100.65907617210243,100.86039432444663,100.45775801975823,100.5741771572477,635
2020-01-01 00:30:00,100.5741771572477,100.7753255115622,100.33675430440003,100.43719149589593,618
2020-01-01 00:35:00,100.43719149589593,100.63806587888773,100.23631711290413,100.40317698960513,550
2020-01-01 00:40:00,100.40317698960513,100.60398334358435,100.20237063562591,100.32119035704424,498
2020-01-01 00:45:00,100.32119035704424,100.52183273775833,100.12054797633016,100.37772606566708,453
2020-01-01 00:50:00,100.37772606566708,100.57848151779841,100.17697061353574,100.28712915342568,536
2020-01-01 00:55:00,100.28712915342568,100.48770341173254,100.02788894765229,100.1280169646169,519
2020-01-01 01:00:00,100.1280169646169,100.32827299854614,99.92776093068767,100.1593866109928,350
2020-01-01 01:05:00,100.1593866109928,100.35970538421478,99.95906783777082,100.18896286194101,384
2020-01-01 01:10:00,100.18896286194101,100.38934078766489,99.98858493621712,100.17158283973714,298
2020-01-01 01:15:00,100.17158283973714,100.37192600541661,99.96335751816865,100.06342093910776,337
2020-01-01 01:20:00,100.06342093910776,100.26354778098597,99.86329409722954,100.11499637143496,293
2020-01-01 01:25:00,100.11499637143496,100.31522636417783,99.91476637869208,100.05716760477507,303
2020-01-01 01:30:00,100.05716760477507,100.31211784875211,99.85705326956553,100.21190594280931,289
2020-01-01 01:35:00,100.21190594280931,100.41232975469492,100.0114821309237,100.16542580052158,347
2020-01-01 01:40:00,100.16542580052158,100.36575665212261,99.96509494892054,100.09343076317195,285
2020-01-01 01:45:00,100.09343076317195,100.2936176246983,99.81391829368735,99.91383212581316,375
2020-01-01 01:50:00,99.91383212581316,100.11365979006479,99.71400446156153,99.90303991501476,430
2020-01-01 01:55:00,99.90303991501476,100.10284599484478,99.70323383518473,99.80636577812334,522
2020-01-01 02:00:00,99.80636577812334,100.00597850967958,99.60675304656709,99.80100227797766,472
2020-01-01 02:05:00,99.80100227797766,100.02396636086334,99.6014002734217,99.9240423185448,461
2020-01-01 02:10:00,99.9240423185448,100.1238904031819,99.72419423390771,99.93779598012138,358
2020-01-01 02:15:00,99.93779598012138,100.13767157208162,99.73792038816114,99.99132954509189,384
2020-01-01 02:20:00,99.99132954509189,100.19131220418207,99.77019595364922,99.8700660196689,410
2020-01-01 02:25:00,99.8700660196689,100.06980615170824,99.67032588762956,99.91931461220751,413
2020-01-01 02:30:00,99.91931461220751,100.11915324143193,99.7194759829831,99.93386449550015,417
2020-01-01 02:35:00,99.93386449550015,100.13373222449114,99.73399676650915,99.88474767866254,327
2020-01-01 02:40:00,99.88474767866254,100.08451717401987,99.6849781833052,99.92911452739823,335
2020-01-01 02:45:00,99.92911452739823,100.12897275645302,99.72925629834343,99.89395140062167,266
2020-01-01 02:50:00,99.89395140062167,100.09373930342292,99.69416349782043,99.84259873973436,236
2020-01-01 02:55:00,99.84259873973436,100.04228393721382,99.64291354225489,99.90311097108543,289
2020-01-01 03:00:00,99.90311097108543,100.1029171930276,99.70330474914326,99.94170609898295,190
2020-01-01 03:05:00,99.94170609898295,100.14158951118091,99.74182268678499,99.9377313360614,314
2020-01-01 03:10:00,99.9377313360614,100.13760679873353,99.73785587338928,99.90889515843463,321
2020-01-01 03:15:00,99.90889515843463,100.1087129487515,99.63401940797176,99.7337531611329,395
2020-01-01 03:20:00,99.7337531611329,99.95194413059488,99.53428565481063,99.85209203855634,429
2020-01-01 03:25:00,99.85209203855634,100.05179622263344,99.54248327114037,99.64212539653691,563
2020-01-01 03:30:00,99.64212539653691,99.84140964732998,99.39458260277969,99.49407667945916,536
2020-01-01 03:35:00,99.49407667945916,99.69306483281808,99.29508852610023,99.41893741145384,456
2020-01-01 03:40:00,99.41893741145384,99.61777528627675,99.16125723406168,99.2605177518135,431
2020-01-01 03:45:00,99.2605177518135,99.59077997778769,99.06199671630986,99.4912886890986,381
2020-01-01 03:50:00,99.4912886890986,99.71230819909249,99.29230611172039,99.61269550358891,345
2020-01-01 03:55:00,99.61269550358891,99.90781553085533,99.41347011258173,99.80800752333201,298
2020-01-01 04:00:00,99.80800752333201,100.00762353837867,99.60839150828535,99.84691509915731,259
2020-01-01 04:05:00,99.84691509915731,100.04660892935563,99.54950067032904,99.64914982014919,287
2020-01-01 04:10:00,99.64914982014919,99.8484481197895,99.44985152050889,99.68659191950869,262
2020-01-01 04:15:00,99.68659191950869,99.8859651033477,99.48721873566967,99.72132078880472,233
2020-01-01 04:20:00,99.72132078880472,100.10040744365949,99.52187814722711,100.00040703662287,184
2020-01-01 04:25:00,100.00040703662287,100.20040785069612,99.80040622254963,100.09889047877999,205
2020-01-01 04:30:00,100.09889047877999,100.3731245284151,99.89869269782243,100.27285167673838,236
2020-01-01 04:35:00,100.27285167673838,100.47339738009187,100.0723059733849,100.33493775773091,350
2020-01-01 04:40:00,100.33493775773091,100.53560763324637,100.13426788221545,100.29800625571247,279
2020-01-01 04:45:00,100.29800625571247,100.49860226822389,100.07509476807694,100.17527003811506,293
2020-01-01 04:50:00,100.17527003811506,100.37562057819129,99.97491949803883,100.21684640142497,317
2020-01-01 04:55:00,100.21684640142497,100.53578465275298,100.01641270862213,100.43534930344954,444
2020-01-01 05:00:00,100.43534930344954,100.63622000205645,100.23447860484264,100.52960798138037,352
2020-01-01 05:05:00,100.52960798138037,100.73066719734312,100.32854876541761,100.60236212552971,379
2020-01-01 05:10:00,100.60236212552971,100.80356684978076,100.40115740127865,100.67377535984788,333
2020-01-01 05:15:00,100.67377535984788,100.87512291056758,100.34457225876807,100.44501727604411,360
2020-01-01 05:20:00,100.44501727604411,100.6459073105962,100.24412724149202,100.4772742507859,323
2020-01-01 05:25:00,100.4772742507859,100.67822879928747,100.27631970228433,100.53534771084081,302
2020-01-01 05:30:00,100.53534771084081,100.73641840626249,100.33427701541913,100.54412576146397,285
2020-01-01 05:35:00,100.54412576146397,100.7452140129869,100.34303750994104,100.62870114638035,368
2020-01-01 05:40:00,100.62870114638035,100.8299585486731,100.32033077619262,100.42075152772034,359
2020-01-01 05:45:00,100.42075152772034,100.62159303077578,100.2199100246649,100.49814368469283,570
2020-01-01 05:50:00,100.49814368469283,100.69913997206223,100.29714739732344,100.58420383955065,682
2020-01-01 05:55:00,100.58420383955065,100.78537224722976,100.38303543187155,100.68248334515162,698
2020-01-01 06:00:00,100.68248334515162,100.88384831184193,100.46520263406207,100.56576840246453,657
2020-01-01 06:05:00,100.56576840246453,100.76689993926945,100.3646368656596,100.57811900607403,715
2020-01-01 06:10:00,100.57811900607403,100.78233479786367,100.37696276806189,100.68165314471896,576
2020-01-01 06:15:00,100.68165314471896,100.94695527332652,100.48028983842953,100.84610916416237,525
2020-01-01 06:20:00,100.84610916416237,101.04780138249069,100.63716786446778,100.73790577023803,524
2020-01-01 06:25:00,100.73790577023803,100.9393815817785,100.53642995869755,100.77061414773874,493
2020-01-01 06:30:00,100.77061414773874,101.19577867559993,100.56907291944326,101.09468399160833,422
2020-01-01 06:35:00,101.09468399160833,101.29687335959156,100.89249462362511,101.12295830165407,436
2020-01-01 06:40:00,101.12295830165407,101.32520421825737,100.9017424940362,101.00274523927547,456
2020-01-01 06:45:00,101.00274523927547,101.23504462696623,100.80073974879691,101.13391071624999,384
2020-01-01 06:50:00,101.13391071624999,101.33617853768249,100.93164289481749,101.0618611012089,447
2020-01-01 06:55:00,101.0618611012089,101.26398482341132,100.85973737900649,101.12325340934139,436
2020-01-01 07:00:00,101.12325340934139,101.5465975700861,100.9210069025227,101.44515241766845,405
2020-01-01 07:05:00,101.44515241766845,101.64804272250379,101.24226211283312,101.37146761867683,420
2020-01-01 07:10:00,101.37146761867683,101.57421055391418,101.16872468343948,101.43895355886013,406
2020-01-01 07:15:00,101.43895355886013,101.64183146597786,101.23607565174241,101.42989627411644,223
2020-01-01 07:20:00,101.42989627411644,101.63275606666468,101.2270364815682,101.39146933201951,276
2020-01-01 07:25:00,101.39146933201951,101.59425227068355,101.07278916539506,101.17396312852358,270
2020-01-01 07:30:00,101.17396312852358,101.49408481655716,100.97161520226653,101.39269212443274,289
2020-01-01 07:35:00,101.39269212443274,101.59547750868161,101.18990674018387,101.39424846084091,283
2020-01-01 07:40:00,101.39424846084091,101.5970369577626,101.19145996391923,101.42452372318819,269
2020-01-01 07:45:00,101.42452372318819,101.62737277063457,101.22167467574181,101.36590335111953,305
2020-01-01 07:50:00,101.36590335111953,101.70866244745953,101.16317154441728,101.60705539206748,373
2020-01-01 07:55:00,101.60705539206748,101.81026950285161,101.20822701575078,101.30953655230309,396
2020-01-01 08:00:00,101.30953655230309,101.51215562540769,101.10691747919849,101.35223728614588,360
2020-01-01 08:05:00,101.35223728614588,101.55494176071817,101.1495328115736,101.27728716457814,381
2020-01-01 08:10:00,101.27728716457814,101.4798417389073,101.07473259024898,101.33152350441958,399
2020-01-01 08:15:00,101.33152350441958,101.53418655142842,101.12886045741074,101.3782321973535,462
2020-01-01 08:20:00,101.3782321973535,101.58098866174821,101.15091695516765,101.25216912429194,473
2020-01-01 08:25:00,101.25216912429194,101.45467346254053,101.04966478604335,101.34487109430809,477
2020-01-01 08:30:00,101.34487109430809,101.64063736882675,101.14218135211948,101.5390982705562,476
2020-01-01 08:35:00,101.5390982705562,101.74217646709731,101.33602007401508,101.5083025811486,520
2020-01-01 08:40:00,101.5083025811486,101.73561648241126,101.3052859759863,101.63398249991135,627
2020-01-01 08:45:00,101.63398249991135,101.83725046491118,101.43071453491153,101.63718455602076,654
2020-01-01 08:50:00,101.63718455602076,101.8404589251328,101.43391018690872,101.68660558911284,650
2020-01-01 08:55:00,101.68660558911284,101.88997880029108,101.48323237793461,101.77738483567664,701
2020-01-01 09:00:00,101.77738483567664,101.980939605348,101.52217630828584,101.62380010839424,673
2020-01-01 09:05:00,101.62380010839424,101.84622224320651,101.42055250817745,101.74447776544108,746
2020-01-01 09:10:00,101.74447776544108,101.94796672097196,101.54098880991019,101.74260870317964,682
2020-01-01 09:15:00,101.74260870317964,101.946093920586,101.5376251402103,101.6392644046149,741
2020-01-01 09:20:00,101.6392644046149,101.84254293342414,101.41189660282697,101.51341001283981,737
2020-01-01 09:25:00,101.51341001283981,101.7164368328655,101.31038319281413,101.42757161034517,688
2020-01-01 09:30:00,101.42757161034517,101.63042675356586,101.22471646712448,101.46484115699506,629
2020-01-01 09:35:00,101.46484115699506,101.66777083930906,101.26191147468107,101.50015852204679,467
2020-01-01 09:40:00,101.50015852204679,101.70315883909089,101.28938444330869,101.39077521852722,472
2020-01-01 09:45:00,101.39077521852722,101.71677164085156,101.18799366809017,101.6151564843672,504
2020-01-01 09:50:00,101.6151564843672,101.81838679733593,101.41192617139848,101.61225798195454,452
2020-01-01 09:55:00,101.61225798195454,101.81548249791845,101.40903346599063,101.56826109782453,425
2020-01-01 10:00:00,101.56826109782453,101.77139762002018,101.36512457562888,101.64738478136258,484
2020-01-01 10:05:00,101.64738478136258,101.8506795509253,101.44409001179984,101.70863420034364,497
2020-01-01 10:10:00,101.70863420034364,101.91205146874432,101.50521693194295,101.7428224107329,502
2020-01-01 10:15:00,101.7428224107329,101.94630805555437,101.52322526487706,101.62485011499204,528
2020-01-01 10:20:00,101.62485011499204,101.94790455094073,101.42160041476205,101.8460584924483,686
2020-01-01 10:25:00,101.8460584924483,102.04975060943319,101.6271026737821,101.72883150528739,755
2020-01-01 10:30:00,101.72883150528739,102.16504362636773,101.5253738422768,102.06298064572202,651
2020-01-01 10:35:00,102.06298064572202,102.26710660701346,101.85885468443058,101.9712169457653,486
2020-01-01 10:40:00,101.9712169457653,102.17515937965683,101.75324732135866,101.85510242378244,510
2020-01-01 10:45:00,101.85510242378244,102.24389053205496,101.65139221893487,102.14174878327171,529
2020-01-01 10:50:00,102.14174878327171,102.34603228083826,101.90209621446083,102.0041003147756,489
2020-01-01 10:55:00,102.0041003147756,102.38660909505775,101.80009211414605,102.28432477028747,523
2020-01-01 11:00:00,102.28432477028747,102.48889341982805,101.91946307290691,102.02148455746438,588
2020-01-01 11:05:00,102.02148455746438,102.31312125444393,101.81744158834945,102.21091034409984,464
2020-01-01 11:10:00,102.21091034409984,102.41533216478804,102.00648852341165,102.2117142890825,443
2020-01-01 11:15:00,102.2117142890825,102.41613771766066,102.00729086050433,102.3072081280776,388
2020-01-01 11:20:00,102.3072081280776,102.51182254433375,102.10259371182146,102.32566879342328,443
2020-01-01 11:25:00,102.32566879342328,102.53032013101013,102.05089611296033,102.15304916212246,438
2020-01-01 11:30:00,102.15304916212246,102.3573552604467,101.94874306379822,102.20396949652698,482
2020-01-01 11:35:00,102.20396949652698,102.40837743552004,101.99956155753392,102.22170310671916,542
2020-01-01 11:40:00,102.22170310671916,102.64022053340233,102.01725970050572,102.53768285055179,624
2020-01-01 11:45:00,102.53768285055179,102.78980391840703,102.33260748485068,102.68711680160544,732
2020-01-01 11:50:00,102.68711680160544,102.89249103520865,102.43595050046419,102.53848898945364,835
2020-01-01 11:55:00,102.53848898945364,102.74356596743254,102.16571327400251,102.26798125525777,634
2020-01-01 12:00:00,102.26798125525777,102.47251721776829,102.06344529274725,102.22665371561524,754
2020-01-01 12:05:00,102.22665371561524,102.43110702304648,102.022200408184,102.2380154078054,807
2020-01-01 12:10:00,102.2380154078054,102.44249143862102,101.87481295793746,101.97678974768515,821
2020-01-01 12:15:00,101.97678974768515,102.18074332718052,101.77283616818977,101.97178858950677,646
2020-01-01 12:20:00,101.97178858950677,102.17573216668579,101.67048769735904,101.77225995731635,707
2020-01-01 12:25:00,101.77225995731635,101.97580447723098,101.52715064297985,101.62877942240225,617
2020-01-01 12:30:00,101.62877942240225,101.83203698124706,101.42552186355744,101.61922442217549,626
2020-01-01 12:35:00,101.61922442217549,101.82246287101984,101.41598597333115,101.69605564614491,553
2020-01-01 12:40:00,101.69605564614491,101.8994477574372,101.49266353485262,101.67972879798226,468
2020-01-01 12:45:00,101.67972879798226,101.88308825557823,101.39553192015586,101.49702894910497,561
2020-01-01 12:50:00,101.49702894910497,101.70002300700318,101.28910836003436,101.39049885889325,567
2020-01-01 12:55:00,101.39049885889325,101.59327985661103,101.18771786117547,101.35689253199926,639
2020-01-01 13:00:00,101.35689253199926,101.55960631706326,101.15417874693527,101.27623761028957,588
2020-01-01 13:05:00,101.27623761028957,101.47879008551016,100.82561619529167,100.9265427380297,567
2020-01-01 13:10:00,100.9265427380297,101.27674966848312,100.72468965255364,101.17557409438874,581
2020-01-01 13:15:00,101.17557409438874,101.37792524257752,100.97322294619995,101.2228104639981,815
2020-01-01 13:20:00,101.2228104639981,101.4252560849261,101.0203648430701,101.20338819682189,656
2020-01-01 13:25:00,101.20338819682189,101.40579497321554,101.00098142042825,101.23427501080882,535
2020-01-01 13:30:00,101.23427501080882,101.43674356083044,101.0318064607872,101.1360920050419,561
2020-01-01 13:35:00,101.1360920050419,101.37111024480753,100.93381982103182,101.26984040440313,634
2020-01-01 13:40:00,101.26984040440313,101.47238008521194,101.06730072359431,101.28159301865487,655
2020-01-01 13:45:00,101.28159301865487,101.48415620469218,101.07902983261756,101.36346552023208,577
2020-01-01 13:50:00,101.36346552023208,101.56619245127254,101.12910163730903,101.23033196927831,543
2020-01-01 13:55:00,101.23033196927831,101.62178855814183,101.02787130533976,101.52026828985198,495
2020-01-01 14:00:00,101.52026828985198,101.72330882643169,101.31722775327228,101.42118817758492,441
2020-01-01 14:05:00,101.42118817758492,101.62403055394009,101.1884579742099,101.28974772193183,401
2020-01-01 14:10:00,101.28974772193183,101.4923272173757,101.08716822648796,101.3308394774112,387
2020-01-01 14:15:00,101.3308394774112,101.53350115636603,101.09170030258461,101.1928931957804,402
2020-01-01 14:20:00,101.1928931957804,101.39527898217196,100.99050740938884,101.26892708498121,367
2020-01-01 14:25:00,101.26892708498121,101.4844484020319,101.06638923081125,101.38306533669521,332
2020-01-01 14:30:00,101.38306533669521,101.5858314673686,101.18029920602181,101.28229709492493,312
2020-01-01 14:35:00,101.28229709492493,101.48486168911478,100.90708509402648,101.0080931872137,263
2020-01-01 14:40:00,101.0080931872137,101.21010937358812,100.80607700083928,101.04744429919876,271
2020-01-01 14:45:00,101.04744429919876,101.24953918779715,100.69481015951729,100.79560576528257,208
2020-01-01 14:50:00,100.79560576528257,100.99719697681314,100.594014553752,100.69705244226417,165
2020-01-01 14:55:00,100.69705244226417,100.8984465471487,100.49565833737964,100.63896702755775,152
2020-01-01 15:00:00,100.63896702755775,100.86588693573864,100.43768909350264,100.76512181392474,161
2020-01-01 15:05:00,100.76512181392474,101.08399458199074,100.5635915702969,100.98301157042033,81
2020-01-01 15:10:00,100.98301157042033,101.18497759356117,100.78104554727949,101.07042329236438,97
2020-01-01 15:15:00,101.07042329236438,101.27256413894911,100.86828244577966,100.97885573463886,90
2020-01-01 15:20:00,100.97885573463886,101.25689341681876,100.77689802316958,101.15573767913963,109
2020-01-01 15:25:00,101.15573767913963,101.35804915449792,100.95342620378135,101.09324210162788,82
2020-01-01 15:30:00,101.09324210162788,101.29542858583113,100.89105561742463,101.15305677051832,93
2020-01-01 15:35:00,101.15305677051832,101.56942442920148,100.95075065697728,101.46795647272876,84
2020-01-01 15:40:00,101.46795647272876,101.75243433923728,101.2650205597833,101.65078355568161,-21
2020-01-01 15:45:00,101.65078355568161,101.85408512279298,101.39557733617626,101.49707441058685,-34
2020-01-01 15:50:00,101.49707441058685,101.70006855940802,101.29408026176567,101.49987852799153,-23
2020-01-01 15:55:00,101.49987852799153,101.7028782850475,101.29687877093555,101.46652051240224,-135
2020-01-01 16:00:00,101.46652051240224,101.66945355342705,101.26358747137743,101.50238099649225,-219
2020-01-01 16:05:00,101.50238099649225,101.77819815611652,101.29937623449926,101.67652163448204,-247
2020-01-01 16:10:00,101.67652163448204,101.879874677751,101.47316859121308,101.77303022313065,-293
2020-01-01 16:15:00,101.77303022313065,101.9765762835769,101.56948416268439,101.81092346497798,-322
2020-01-01 16:20:00,101.81092346497798,102.03966707872998,101.60730161804801,101.9377293493806,-290
2020-01-01 16:25:00,101.9377293493806,102.14160480807936,101.73385389068184,101.86469237608551,-287
2020-01-01 16:30:00,101.86469237608551,102.12524863236708,101.66096299133335,102.02322540696012,-285
2020-01-01 16:35:00,102.02322540696012,102.22727185777404,101.77156701970684,101.873440460167,-253
2020-01-01 16:40:00,101.873440460167,102.09110512832959,101.66969357924667,101.98911601231728,-186
2020-01-01 16:45:00,101.98911601231728,102.29870297906838,101.78513778029264,102.1965064725958,-99
2020-01-01 16:50:00,102.1965064725958,102.40089948554099,101.97581075461063,102.07788864325389,-175
2020-01-01 16:55:00,102.07788864325389,102.40926516841444,101.87373286596738,102.30695821020424,-189
2020-01-01 17:00:00,102.30695821020424,102.51157212662466,102.10234429378383,102.34992231803385,-45
2020-01-01 17:05:00,102.34992231803385,102.55462216266992,102.14522247339778,102.36976098493936,-9
2020-01-01 17:10:00,102.36976098493936,102.57450050690925,102.16502146296948,102.44362218506602,-48
2020-01-01 17:15:00,102.44362218506602,102.64850942943615,102.23873494069589,102.516070574442,10
2020-01-01 17:20:00,102.516070574442,102.86382248484763,102.3110384332931,102.76106142342422,-39
2020-01-01 17:25:00,102.76106142342422,102.96658354627107,102.55553930057738,102.74167242729028,15
2020-01-01 17:30:00,102.74167242729028,102.94715577214487,102.37836161496146,102.48084245741889,9
2020-01-01 17:35:00,102.48084245741889,102.68580414233372,102.27588077250405,102.41522175990289,-74
2020-01-01 17:40:00,102.41522175990289,102.64422123631368,102.21039131638308,102.54167955675693,-139
2020-01-01 17:45:00,102.54167955675693,102.74676291587045,102.24013774786029,102.34248022808838,-50
2020-01-01 17:50:00,102.34248022808838,102.54716518854455,102.1377952676322,102.30262939397191,-54
2020-01-01 17:55:00,102.30262939397191,102.50723465275986,102.09802413518396,102.26077888654757,-42
2020-01-01 18:00:00,102.26077888654757,102.46530044432066,102.05625732877448,102.22535556915116,47
2020-01-01 18:05:00,102.22535556915116,102.50049893606231,102.02090485801286,102.3981008352271,-9
2020-01-01 18:10:00,102.3981008352271,102.896154931725,102.19330463355665,102.79336157015484,-8
2020-01-01 18:15:00,102.79336157015484,102.99894829329516,102.58777484701453,102.78964172195153,-15
2020-01-01 18:20:00,102.78964172195153,102.99522100539544,102.58406243850762,102.70119195371646,-15
2020-01-01 18:25:00,102.70119195371646,102.90659433762389,102.49578956980903,102.61747639611754,-8
2020-01-01 18:30:00,102.61747639611754,102.82271134890978,102.4122414433253,102.57822871823218,-141
2020-01-01 18:35:00,102.57822871823218,102.8489221534657,102.37307226079572,102.74617597748822,-262
2020-01-01 18:40:00,102.74617597748822,102.9516683294432,102.54068362553325,102.6933612177182,-322
2020-01-01 18:45:00,102.6933612177182,102.89874794015364,102.47097275632568,102.5735463026283,-198
2020-01-01 18:50:00,102.5735463026283,102.8202275891832,102.36839921002304,102.71751007910412,-187
2020-01-01 18:55:00,102.71751007910412,102.92294509926232,102.44100644907029,102.54354999906936,-152
2020-01-01 19:00:00,102.54354999906936,102.7486370990675,102.25321244494185,102.3555680129548,-174
2020-01-01 19:05:00,102.3555680129548,102.56027914898071,102.1508568769289,102.29802051796509,-164
2020-01-01 19:10:00,102.29802051796509,102.50261655900101,102.09342447692916,102.24263133160922,-237
2020-01-01 19:15:00,102.24263133160922,102.44711659427243,102.038146068946,102.33709364738645,-266
2020-01-01 19:20:00,102.33709364738645,102.54176783468122,102.13241946009168,102.38715690584449,-186
2020-01-01 19:25:00,102.38715690584449,102.59193121965617,102.18238259203281,102.35875949976017,-123
2020-01-01 19:30:00,102.35875949976017,102.56347701875968,102.14836526424189,102.25061588012201,-183
2020-01-01 19:35:00,102.25061588012201,102.45511711188226,102.04611464836177,102.34356321625388,-71
2020-01-01 19:40:00,102.34356321625388,102.54825034268639,101.9219311501973,102.0239551053026,-72
2020-01-01 19:45:00,102.0239551053026,102.22800301551321,101.819907195092,102.00915452402727,-48
2020-01-01 19:50:00,102.00915452402727,102.21317283307532,101.80513621497921,102.00339589776459,-47
2020-01-01 19:55:00,102.00339589776459,102.20740268956013,101.79938910596906,102.02639283288238,-48
2020-01-01 20:00:00,102.02639283288238,102.23044561854815,101.82234004721661,102.07349868916383,-107
2020-01-01 20:05:00,102.07349868916383,102.28948733899317,101.8693516917855,102.18730003895422,-118
2020-01-01 20:10:00,102.18730003895422,102.39167463903213,101.98292543887631,102.19012560972779,-149
2020-01-01 20:15:00,102.19012560972779,102.39450586094725,101.96875220022727,102.07082302325053,-200
2020-01-01 20:20:00,102.07082302325053,102.27496466929702,101.86668137720403,102.13332906541646,-114
2020-01-01 20:25:00,102.13332906541646,102.3375957235473,101.92906240728563,102.20573099669662,-67
2020-01-01 20:30:00,102.20573099669662,102.56352360882181,102.00131953470323,102.46106254627554,-165
2020-01-01 20:35:00,102.46106254627554,102.6659846713681,102.16213792052048,102.26440232284332,-153
2020-01-01 20:40:00,102.26440232284332,102.46893112748901,102.05987351819763,102.34380945834629,-132
2020-01-01 20:45:00,102.34380945834629,102.54849707726298,102.12561846169301,102.227846308001,-194
2020-01-01 20:50:00,102.227846308001,102.43230200061701,101.9841898123278,102.08627608841621,-216
2020-01-01 20:55:00,102.08627608841621,102.34986725907585,101.88210353623938,102.24761963943642,-63
2020-01-01 21:00:00,102.24761963943642,102.45211487871529,102.04312440015755,102.32328051107233,-107
2020-01-01 21:05:00,102.32328051107233,102.5331982849429,102.11863395005018,102.43076751742548,-94
2020-01-01 21:10:00,102.43076751742548,102.92693876832567,102.22590598239063,102.82411465367201,-35
2020-01-01 21:15:00,102.82411465367201,103.02976288297936,102.61294375422003,102.71565941363366,53
2020-01-01 21:20:00,102.71565941363366,102.92109073246093,102.5102280948064,102.61906041147671,97
2020-01-01 21:25:00,102.61906041147671,102.82429853229966,102.41382229065375,102.53248069339429,151
2020-01-01 21:30:00,102.53248069339429,102.73754565478107,102.32741573200751,102.62811427031329,90
2020-01-01 21:35:00,102.62811427031329,102.83337049885392,102.42285804177266,102.59001071409317,120
2020-01-01 21:40:00,102.59001071409317,102.79519073552136,102.38483069266498,102.61735623547764,122
2020-01-01 21:45:00,102.61735623547764,102.8225909479486,102.41212152300669,102.71134127788179,182
2020-01-01 21:50:00,102.71134127788179,102.94266099357678,102.50591859532602,102.83982117240438,186
2020-01-01 21:55:00,102.83982117240438,103.04550081474919,102.48101818255435,102.58360178433868,204
2020-01-01 22:00:00,102.58360178433868,102.78876898790736,102.37843458077,102.62539108727053,123
2020-01-01 22:05:00,102.62539108727053,102.8902989338649,102.42014030509598,102.78751142244246,156
2020-01-01 22:10:00,102.78751142244246,102.99308644528735,102.58193639959758,102.79187758555742,203
2020-01-01 22:15:00,102.79187758555742,102.99746134072853,102.5862938303863,102.71230977576002,181
2020-01-01 22:20:00,102.71230977576002,102.91773439531154,102.5068851562085,102.64536760909738,186
2020-01-01 22:25:00,102.64536760909738,102.85065834431558,102.44007687387918,102.57165561670288,164
2020-01-01 22:30:00,102.57165561670288,102.77679892793628,102.36651230546948,102.54290401580872,229
2020-01-01 22:35:00,102.54290401580872,102.74798982384033,102.3378182077771,102.57313696218122,178
2020-01-01 22:40:00,102.57313696218122,102.77828323610558,102.36799068825687,102.61422523742641,197
2020-01-01 22:45:00,102.61422523742641,102.88100362761813,102.40899678695156,102.77822540221592,257
2020-01-01 22:50:00,102.77822540221592,103.23577304691153,102.57266895141149,103.13264040650503,225
2020-01-01 22:55:00,103.13264040650503,103.46083495195597,102.92637512569202,103.3574774744815,234
2020-01-01 23:00:00,103.3574774744815,103.56419242943046,103.15076251953253,103.2923333002569,160
2020-01-01 23:05:00,103.2923333002569,103.49891796685742,103.04684874694645,103.14999874569214,105
2020-01-01 23:10:00,103.14999874569214,103.35629874318353,102.94369874820076,103.14463212655649,184
2020-01-01 23:15:00,103.14463212655649,103.3509213908096,102.88717966632423,102.99016983616039,191
2020-01-01 23:20:00,102.99016983616039,103.19615017583271,102.78418949648807,102.98252842237365,147
2020-01-01 23:25:00,102.98252842237365,103.1884934792184,102.7765633655289,103.04160070620674,174
2020-01-01 23:30:00,103.04160070620674,103.24768390761915,102.83551750479432,103.0862953061202,184
2020-01-01 23:35:00,103.0862953061202,103.29246789673245,102.88012271550797,103.00418754275526,144
2020-01-01 23:40:00,103.00418754275526,103.21019591784078,102.79817916766974,102.90570722795763,232
2020-01-01 23:45:00,102.90570722795763,103.11151864241354,102.69989581350173,102.8176076514486,236
2020-01-01 23:50:00,102.8176076514486,103.02324286675149,102.6119724361457,102.73244027299414,261
2020-01-01 23:55:00,102.73244027299414,102.93790515354013,102.39636726921414,102.49886613534949,391
2020-01-02 00:00:00,102.49886613534949,102.70386386762019,102.29386840307879,102.40465091641667,390
2020-01-02 00:05:00,102.40465091641667,102.60946021824951,102.19984161458383,102.45602581265454,516
2020-01-02 00:10:00,102.45602581265454,102.66093786427986,102.25111376102923,102.42883184809314,405
2020-01-02 00:15:00,102.42883184809314,102.63368951178933,102.21421285347938,102.31652938286224,493
2020-01-02 00:20:00,102.31652938286224,102.52116244162796,102.11189632409652,102.23708909533214,503
2020-01-02 00:25:00,102.23708909533214,102.52175523469764,102.03261491714147,102.41933589879885,603
2020-01-02 00:30:00,102.41933589879885,102.62417457059645,102.21449722700125,102.34414380480077,700
2020-01-02 00:35:00,102.34414380480077,102.73027096829148,102.13945551719117,102.62764332496653,722
2020-01-02 00:40:00,102.62764332496653,102.83289861161646,102.4223880383166,102.71856959490522,843
2020-01-02 00:45:00,102.71856959490522,102.92400673409503,102.51313245571541,102.79672928920719,991
2020-01-02 00:50:00,102.79672928920719,103.11286127608633,102.59113583062877,103.00985142466169,1046
2020-01-02 00:55:00,103.00985142466169,103.21587112751101,102.80383172181237,103.03252085722389,1131
2020-01-02 01:00:00,103.03252085722389,103.23858589893834,102.82645581550943,103.0894988678028,1087
2020-01-02 01:05:00,103.0894988678028,103.39047850187755,102.8833198700672,103.287191310567,1110
2020-01-02 01:10:00,103.287191310567,103.49376569318812,102.97343122075614,103.07650772848463,1225
2020-01-02 01:15:00,103.07650772848463,103.51438982063462,102.87035471302767,103.41097884179284,1198
2020-01-02 01:20:00,103.41097884179284,103.61780079947643,103.20415688410925,103.4496623580524,1382
2020-01-02 01:25:00,103.4496623580524,103.6565616827685,103.24276303333629,103.49295938199974,1475
2020-01-02 01:30:00,103.49295938199974,103.69994530076374,103.28597346323573,103.42365527809359,1557
2020-01-02 01:35:00,103.42365527809359,103.63050258864978,103.16114192506623,103.26440633139762,1542
2020-01-02 01:40:00,103.26440633139762,103.5529645174114,103.05787751873483,103.449515002409,1279
2020-01-02 01:45:00,103.449515002409,103.65641403241382,103.24261597240418,103.50804858070185,1475
2020-01-02 01:50:00,103.50804858070185,103.71506467786325,103.30103248354045,103.42184715133044,1680
2020-01-02 01:55:00,103.42184715133044,103.6286908456331,102.97765955069795,103.08074029098894,1728
2020-01-02 02:00:00,103.08074029098894,103.28690177157092,102.81991330265123,102.92283613879002,1862
2020-01-02 02:05:00,102.92283613879002,103.1286818110676,102.71699046651244,102.83575128006895,1667
2020-01-02 02:10:00,102.83575128006895,103.04142278262908,102.63007977750881,102.9360471699968,1742
2020-01-02 02:15:00,102.9360471699968,103.14191926433679,102.6680509042971,102.77082172602313,1441
2020-01-02 02:20:00,102.77082172602313,102.97636336947518,102.56528008257108,102.76379435748302,1464
2020-01-02 02:25:00,102.76379435748302,102.969321946198,102.55826676876805,102.81806218003777,1352
2020-01-02 02:30:00,102.81806218003777,103.02369830439784,102.6124260556777,102.80539224258558,1520
2020-01-02 02:35:00,102.80539224258558,103.01100302707076,102.59978145810041,102.87582728336534,1628
2020-01-02 02:40:00,102.87582728336534,103.08157893793206,102.67007562879861,102.97500823681817,1854
2020-01-02 02:45:00,102.97500823681817,103.18760726122306,102.76905822034453,103.0845227384846,1909
2020-01-02 02:50:00,103.0845227384846,103.29069178396156,102.87695443764993,102.97993437202194,2250
2020-01-02 02:55:00,102.97993437202194,103.18589424076599,102.65616376016324,102.75892268284609,2244
2020-01-02 03:00:00,102.75892268284609,102.99138661914867,102.5534048374804,102.88849812102765,2075
2020-01-02 03:05:00,102.88849812102765,103.0942751172697,102.4942832290003,102.5968801091094,1859
2020-01-02 03:10:00,102.5968801091094,102.80207386932763,102.25077175210396,102.35312487698094,2039
2020-01-02 03:15:00,102.35312487698094,102.55783112673491,102.14841862722697,102.41844524340779,1839
2020-01-02 03:20:00,102.41844524340779,102.6232821338946,102.21360835292097,102.41789179372891,1701
2020-01-02 03:25:00,102.41789179372891,102.65523086612696,102.21305601014146,102.55267818793902,1664
2020-01-02 03:30:00,102.55267818793902,102.7577835443149,102.34757283156314,102.58473351050405,1311
2020-01-02 03:35:00,102.58473351050405,102.78990297752506,102.37731196024325,102.47979175199524,1165
2020-01-02 03:40:00,102.47979175199524,102.85888769491895,102.27483216849124,102.75613156335561,1211
2020-01-02 03:45:00,102.75613156335561,102.96164382648232,102.5506193002289,102.84438615077354,1426
2020-01-02 03:50:00,102.84438615077354,103.05007492307509,102.638697378472,102.85358512395912,1368
2020-01-02 03:55:00,102.85358512395912,103.05929229420704,102.6478779537112,102.91429219783589,1522
2020-01-02 04:00:00,102.91429219783589,103.17938947322807,102.70846361344022,103.07631316006801,1506
2020-01-02 04:05:00,103.07631316006801,103.28246578638814,102.87016053374788,103.10686491816838,1784
2020-01-02 04:10:00,103.10686491816838,103.47872494579828,102.90065118833205,103.37534959620208,1786
2020-01-02 04:15:00,103.37534959620208,103.58210029539448,103.16859889700969,103.30031679531206,1749
2020-01-02 04:20:00,103.30031679531206,103.50691742890268,103.09371616172143,103.38133040263091,1647
2020-01-02 04:25:00,103.38133040263091,103.8172500788063,103.17456774182564,103.71353654226404,1953
2020-01-02 04:30:00,103.71353654226404,103.92096361534857,103.5061094691795,103.71944875494664,2007
2020-01-02 04:35:00,103.71944875494664,103.92688765245653,103.45676320983371,103.56032353336708,1871
2020-01-02 04:40:00,103.56032353336708,103.76744418043381,103.35320288630035,103.62233904697558,1967
2020-01-02 04:45:00,103.62233904697558,103.97085632136925,103.41509436888163,103.86698933203724,1652
2020-01-02 04:50:00,103.86698933203724,104.07472331070132,103.65925535337315,103.90195903400313,1909
2020-01-02 04:55:00,103.90195903400313,104.10976295207114,103.69415511593512,103.8304405731802,2112
2020-01-02 05:00:00,103.8304405731802,104.03810145432656,103.62277969203383,103.80355462026849,2331
2020-01-02 05:05:00,103.80355462026849,104.01116172950903,103.45454385425656,103.55810195621277,2744
2020-01-02 05:10:00,103.55810195621277,103.76521816012519,103.35098575230035,103.46092882717836,2877
2020-01-02 05:15:00,103.46092882717836,103.66785068483271,103.25400696952401,103.5013831520779,2685
2020-01-02 05:20:00,103.5013831520779,103.70838591838206,103.29438038577375,103.49741582953872,3027
2020-01-02 05:25:00,103.49741582953872,103.7044106611978,103.29042099787965,103.43987939107828,3118
2020-01-02 05:30:00,103.43987939107828,103.72173979099024,103.23299963229613,103.61812166932093,2557
2020-01-02 05:35:00,103.61812166932093,103.82535791265957,103.34065043773239,103.44409453226466,2283
2020-01-02 05:40:00,103.44409453226466,103.65098272132919,103.23720634320013,103.37152314134262,2359
2020-01-02 05:45:00,103.37152314134262,103.5782661876253,103.16478009505994,103.44549179670861,2312
2020-01-02 05:50:00,103.44549179670861,103.70368084411965,103.2386008131152,103.6000807633563,2120
2020-01-02 05:55:00,103.6000807633563,103.80728092488302,103.39288060182959,103.53355161547817,2480
2020-01-02 06:00:00,103.53355161547817,103.74061871870913,103.32648451224722,103.47940582484783,2377
2020-01-02 06:05:00,103.47940582484783,103.905558552724,103.27244701319813,103.80175679592809,2489
2020-01-02 06:10:00,103.80175679592809,104.06613681936223,103.59415328233622,103.96217464471752,2535
2020-01-02 06:15:00,103.96217464471752,104.17009899400696,103.75425029542808,103.93155520876446,2514
2020-01-02 06:20:00,103.93155520876446,104.14903570460741,103.72369209834693,104.04499071389353,2563
2020-01-02 06:25:00,104.04499071389353,104.25308069532132,103.83690073246574,104.03239348015174,2483
2020-01-02 06:30:00,104.03239348015174,104.2795605070908,103.82432869319143,104.17538512196884,2618
2020-01-02 06:35:00,104.17538512196884,104.38373589221278,103.61908453547368,103.7228073428165,3157
2020-01-02 06:40:00,103.7228073428165,103.99911831511012,103.51536172813086,103.89522309201811,2859
2020-01-02 06:45:00,103.89522309201811,104.10301353820215,103.62732476877673,103.73105582460133,2776
2020-01-02 06:50:00,103.73105582460133,103.93851793625053,103.52359371295212,103.7013862944638,2879
2020-01-02 06:55:00,103.7013862944638,103.90878906705272,103.49398352187488,103.77849064287953,2940
2020-01-02 07:00:00,103.77849064287953,104.25677753052054,103.57093366159377,104.15262490561493,2933
2020-01-02 07:05:00,104.15262490561493,104.42108429295958,103.9443196558037,104.31676752543416,3316
2020-01-02 07:10:00,104.31676752543416,104.52540106048502,104.1081339903833,104.41671293355849,3018
2020-01-02 07:15:00,104.41671293355849,104.6255463594256,104.13292934031335,104.23716650682017,3071
2020-01-02 07:20:00,104.23716650682017,104.44564083983381,104.02869217380653,104.22713810755025,3188
2020-01-02 07:25:00,104.22713810755025,104.43559238376535,104.01868383133514,104.29310149663344,3725
2020-01-02 07:30:00,104.29310149663344,104.50168769962671,104.08451529364017,104.25490571751527,4143
2020-01-02 07:35:00,104.25490571751527,104.4634155289503,103.9588665824655,104.06292951197749,4425
2020-01-02 07:40:00,104.06292951197749,104.27105537100144,103.85480365295354,104.01648151716427,5026
2020-01-02 07:45:00,104.01648151716427,104.2245144801986,103.80844855412994,104.03607454844153,4939
2020-01-02 07:50:00,104.03607454844153,104.24414669753841,103.76113131712934,103.86499631344279,4307
2020-01-02 07:55:00,103.86499631344279,104.07272630606967,103.62930881560425,103.73304185746171,3772
2020-01-02 08:00:00,103.73304185746171,103.94050794117663,103.5255757737468,103.63361968888412,3355
2020-01-02 08:05:00,103.63361968888412,103.89438678536169,103.42635244950635,103.79059618917253,3236
2020-01-02 08:10:00,103.79059618917253,104.04738667021873,103.58301499679419,103.94344322699175,3005
2020-01-02 08:15:00,103.94344322699175,104.40493655175314,103.73555634053777,104.30063591583732,2505
2020-01-02 08:20:00,104.30063591583732,104.56507865336364,104.09203464400565,104.46061803532832,3185
2020-01-02 08:25:00,104.46061803532832,104.66953927139897,104.25169679925767,104.54897747812296,3417
2020-01-02 08:30:00,104.54897747812296,104.77266328547482,104.33987952316672,104.66799529018465,3518
2020-01-02 08:35:00,104.66799529018465,104.87733128076502,104.45865929960428,104.65816804436037,3238
2020-01-02 08:40:00,104.65816804436037,104.86748438044908,104.28800301082627,104.39239540623251,3156
2020-01-02 08:45:00,104.39239540623251,104.60118019704497,104.1153663217715,104.21958590767919,3282
2020-01-02 08:50:00,104.21958590767919,104.46750891806603,104.01114673586383,104.36314577229375,2717
2020-01-02 08:55:00,104.36314577229375,104.61492895177255,104.15441948074916,104.51041853323933,2438
2020-01-02 09:00:00,104.51041853323933,104.7194393703058,104.30139769617286,104.59664779586555,2207
2020-01-02 09:05:00,104.59664779586555,104.80584109145728,104.28295855769795,104.38734590360156,2090
2020-01-02 09:10:00,104.38734590360156,104.59612059540876,104.03377540845312,104.1379133217749,2181
2020-01-02 09:15:00,104.1379133217749,104.34618914841845,103.92963749513136,104.22421604825128,2298
2020-01-02 09:20:00,104.22421604825128,104.43266448034778,104.01576761615478,104.24379318667904,2205
2020-01-02 09:25:00,104.24379318667904,104.4522807730524,104.03530560030569,104.32874635774544,2217
2020-01-02 09:30:00,104.32874635774544,104.53740385046093,104.11467059914315,104.21888948863179,1999
2020-01-02 09:35:00,104.21888948863179,104.5968903044134,104.01045170965452,104.49239790650691,1715
2020-01-02 09:40:00,104.49239790650691,104.70138270231992,104.27541596396802,104.37979575972774,1853
2020-01-02 09:45:00,104.37979575972774,104.67972950814128,104.17103616820829,104.5751543537875,1742
2020-01-02 09:50:00,104.5751543537875,104.78430466249507,104.33967541370383,104.44411953323707,2056
2020-01-02 09:55:00,104.44411953323707,104.65300777230354,104.2352312941706,104.4926579601763,2206
2020-01-02 10:00:00,104.4926579601763,104.70164327609666,104.28367264425594,104.46361616023128,2179
2020-01-02 10:05:00,104.46361616023128,104.67254339255175,104.25468892791082,104.44058161922193,2499
2020-01-02 10:10:00,104.44058161922193,104.64946278246038,104.23170045598349,104.3532444698107,2152
2020-01-02 10:15:00,104.3532444698107,104.8618030745992,104.14453798087108,104.75704602857064,2061
2020-01-02 10:20:00,104.75704602857064,105.12569317317487,104.5475319365135,105.02067250067421,1975
2020-01-02 10:25:00,105.02067250067421,105.38247265882575,104.81063115567287,105.2771954633624,1889
2020-01-02 10:30:00,105.2771954633624,105.48774985428913,105.06664107243567,105.18533886044979,1664
2020-01-02 10:35:00,105.18533886044979,105.39570953817069,104.88723577489039,104.99222800289328,1631
2020-01-02 10:40:00,104.99222800289328,105.20221245889907,104.7822435468875,105.02904655852518,1393
2020-01-02 10:45:00,105.02904655852518,105.26552405038693,104.81898846540813,105.16036368670024,1133
2020-01-02 10:50:00,105.16036368670024,105.4593708801666,104.95004295932684,105.35401686330331,1079
2020-01-02 10:55:00,105.35401686330331,105.56472489702992,105.14330882957671,105.4202348669715,1000
2020-01-02 11:00:00,105.4202348669715,105.63107533670544,105.20939439723756,105.5085232983474,1034
2020-01-02 11:05:00,105.5085232983474,105.7195403449441,105.25745211654754,105.36281493147902,980
2020-01-02 11:10:00,105.36281493147902,105.57354056134199,105.15208930161606,105.34523629510286,854
2020-01-02 11:15:00,105.34523629510286,105.64610164762735,105.13454582251266,105.54056108654082,977
2020-01-02 11:20:00,105.54056108654082,105.7516422087139,105.26226849730908,105.36763613344252,1006
2020-01-02 11:25:00,105.36763613344252,105.5783714057094,105.15690086117563,105.39003469772805,1258
2020-01-02 11:30:00,105.39003469772805,105.60081476712351,105.1792546283326,105.42039479230388,1225
2020-01-02 11:35:00,105.42039479230388,105.63123558188849,105.20955400271927,105.39628464678614,1359
2020-01-02 11:40:00,105.39628464678614,105.60707721607972,105.16675206932912,105.27202409342254,1086
2020-01-02 11:45:00,105.27202409342254,105.48256814160939,105.0614800452357,105.35224000623153,858
2020-01-02 11:50:00,105.35224000623153,105.56294448624399,105.14153552621906,105.41364644584029,1071
2020-01-02 11:55:00,105.41364644584029,105.6517752299104,105.2028191529486,105.5462290009095,1074
2020-01-02 12:00:00,105.5462290009095,105.79742832290998,105.33513654290769,105.69173658632367,1056
2020-01-02 12:05:00,105.69173658632367,105.90312005949632,105.48035311315103,105.74273778601297,1035
2020-01-02 12:10:00,105.74273778601297,105.954223261585,105.53125231044093,105.71498670049995,983
2020-01-02 12:15:00,105.71498670049995,105.92641667390095,105.46694188997677,105.57251440438115,985
2020-01-02 12:20:00,105.57251440438115,105.85021996777155,105.3613693755724,105.74447549227928,1030
2020-01-02 12:25:00,105.74447549227928,105.98006108175042,105.53298654129472,105.87418689485558,1201
2020-01-02 12:30:00,105.87418689485558,106.0859352686453,105.66243852106587,105.8758310076678,990
2020-01-02 12:35:00,105.8758310076678,106.08758266968313,105.66407934565247,105.82735712884137,920
2020-01-02 12:40:00,105.82735712884137,106.03901184309905,105.6157024145837,105.83634979659149,965
2020-01-02 12:45:00,105.83634979659149,106.04802249618467,105.62467709699831,105.9135841338204,872
2020-01-02 12:50:00,105.9135841338204,106.12541130208804,105.65858721485932,105.76435156642574,798
2020-01-02 12:55:00,105.76435156642574,105.9758802695586,105.55282286329289,105.85952817609693,981
2020-01-02 13:00:00,105.85952817609693,106.07124723244912,105.64780911974474,105.82563573368309,1134
2020-01-02 13:05:00,105.82563573368309,106.03728700515045,105.61398446221573,105.77212722789737,1049
2020-01-02 13:10:00,105.77212722789737,105.98367148235316,105.56058297344158,105.71053979614088,1074
2020-01-02 13:15:00,105.71053979614088,105.92196087573316,105.4991187165486,105.71102279079285,1180
2020-01-02 13:20:00,105.71102279079285,105.96745188937099,105.49960074521127,105.86159029907193,877
2020-01-02 13:25:00,105.86159029907193,106.1159631397363,105.6498671184738,106.00995318654975,745
2020-01-02 13:30:00,106.00995318654975,106.22197309292285,105.71806385813059,105.82388774587646,637
2020-01-02 13:35:00,105.82388774587646,106.05033726444638,105.6122399703847,105.94439287157482,470
2020-01-02 13:40:00,105.94439287157482,106.15628165731798,105.73250408583166,105.85758556693045,414
2020-01-02 13:45:00,105.85758556693045,106.06930073806431,105.64587039579659,105.8867006245268,442
2020-01-02 13:50:00,105.8867006245268,106.09847402577584,105.67492722327775,105.90569358053305,458
2020-01-02 13:55:00,105.90569358053305,106.11750496769412,105.69388219337199,105.88050980395639,410
2020-01-02 14:00:00,105.88050980395639,106.0922708235643,105.66874878434847,105.81010737784159,365
2020-01-02 14:05:00,105.81010737784159,106.18786324643168,105.5984871630859,106.08178146496672,234
2020-01-02 14:10:00,106.08178146496672,106.42219389675383,105.8696179020368,106.3158780187351,195
2020-01-02 14:15:00,106.3158780187351,106.58819730416815,106.10324626269764,106.48171558857958,274
2020-01-02 14:20:00,106.48171558857958,106.696585648966,106.26875215740242,106.58999565331271,368
2020-01-02 14:25:00,106.58999565331271,106.80317564461934,106.37681566200608,106.4931509267976,410
2020-01-02 14:30:00,106.4931509267976,106.80779181492117,106.280164624944,106.70109072419699,475
2020-01-02 14:35:00,106.70109072419699,106.91449290564537,106.47392445643004,106.58050496139143,462
2020-01-02 14:40:00,106.58050496139143,107.00928909238341,106.36734395146864,106.90238670567774,450
2020-01-02 14:45:00,106.90238670567774,107.1161914790891,106.68858193226639,106.93200085388949,340
2020-01-02 14:50:00,106.93200085388949,107.23166939027891,106.71813685218171,107.12454484543349,265
2020-01-02 14:55:00,107.12454484543349,107.33879393512436,106.91029575574262,107.2107778682153,332
2020-01-02 15:00:00,107.2107778682153,107.4783293974379,106.99635631247887,107.37095843899891,235
2020-01-02 15:05:00,107.37095843899891,107.72037064660839,107.15621652212091,107.61275788871968,214
2020-01-02 15:10:00,107.61275788871968,107.93498099448435,107.39753237294225,107.82715384064372,248
2020-01-02 15:15:00,107.82715384064372,108.28550022490921,107.61149953296243,108.17732290200722,278
2020-01-02 15:20:00,108.17732290200722,108.39367754781124,107.9609682562032,108.1865741928397,361
2020-01-02 15:25:00,108.1865741928397,108.40294734122539,107.97020104445402,108.2689857089281,434
2020-01-02 15:30:00,108.2689857089281,108.48552368034595,108.05244773751025,108.20971611613912,345
2020-01-02 15:35:00,108.20971611613912,108.42613554837139,107.78265723587624,107.8905477836599,360
2020-01-02 15:40:00,107.8905477836599,108.10632887922722,107.67476668809257,107.85474102168821,365
2020-01-02 15:45:00,107.85474102168821,108.09469942309885,107.63903153964483,107.98671271038847,367
2020-01-02 15:50:00,107.98671271038847,108.20268613580924,107.7707392849677,107.95964232364699,364
2020-01-02 15:55:00,107.95964232364699,108.32815493886726,107.74372303899969,108.21993500386341,418
2020-01-02 16:00:00,108.21993500386341,108.43637487387115,108.00349513385568,108.32754045557911,476
2020-01-02 16:05:00,108.32754045557911,108.54419553649026,108.0086997160871,108.11681653261971,462
2020-01-02 16:10:00,108.11681653261971,108.33305016568495,107.90058289955446,108.03108800342447,551
2020-01-02 16:15:00,108.03108800342447,108.24715017943132,107.81502582741763,108.03453499079198,653
2020-01-02 16:20:00,108.03453499079198,108.25060406077357,107.8184659208104,108.07354947748237,851
2020-01-02 16:25:00,108.07354947748237,108.28969657643734,107.68032354407205,107.78811165572777,934
2020-01-02 16:30:00,107.78811165572777,108.10463831820232,107.57253543241632,107.99664167652581,989
2020-01-02 16:35:00,107.99664167652581,108.21263495987887,107.69051321810156,107.79831152963119,925
2020-01-02 16:40:00,107.79831152963119,108.01390815269046,107.58271490657192,107.70444235809273,1062
2020-01-02 16:45:00,107.70444235809273,107.91985124280892,107.48903347337655,107.76820417364404,957
2020-01-02 16:50:00,107.76820417364404,108.06960405561739,107.55266776529675,107.9616424132042,891
2020-01-02 16:55:00,107.9616424132042,108.1775656980306,107.7457191283778,107.96402105564478,853
2020-01-02 17:00:00,107.96402105564478,108.17994909775607,107.74809301353349,107.94443398295039,844
2020-01-02 17:05:00,107.94443398295039,108.16032285091629,107.72854511498448,107.87360220002105,886
2020-01-02 17:10:00,107.87360220002105,108.26119596019099,107.65785499562101,108.15304291727372,861
2020-01-02 17:15:00,108.15304291727372,108.41264105839112,107.93673683143918,108.30433672166946,650
2020-01-02 17:20:00,108.30433672166946,108.52094539511279,107.9484274449185,108.05648392884734,704
2020-01-02 17:25:00,108.05648392884734,108.5796000878041,107.84037096098965,108.47112895884526,673
2020-01-02 17:30:00,108.47112895884526,108.83076261071596,108.25418670092756,108.72204057014584,911
2020-01-02 17:35:00,108.72204057014584,109.02802373829871,108.50459648900555,108.91910463366506,1033
2020-01-02 17:40:00,108.91910463366506,109.15531849313261,108.70126642439773,109.04627222091172,935
2020-01-02 17:45:00,109.04627222091172,109.26436476535355,108.82817967646989,109.04572026290957,896
2020-01-02 17:50:00,109.04572026290957,109.26878699646359,108.82762882238374,109.15962736909451,986
2020-01-02 17:55:00,109.15962736909451,109.51095887602513,108.94130811435632,109.40155731870644,863
2020-01-02 18:00:00,109.40155731870644,109.62036043334385,109.17464117631289,109.2839251014143,697
2020-01-02 18:05:00,109.2839251014143,109.50249295161713,109.06535725121147,109.26396753303312,834
2020-01-02 18:10:00,109.26396753303312,109.48249546809919,108.98701135169208,109.09610745915123,1049
2020-01-02 18:15:00,109.09610745915123,109.31429967406953,108.87791524423292,109.19136434956523,977
2020-01-02 18:20:00,109.19136434956523,109.40974707826436,108.97298162086611,109.13040170101621,1177
2020-01-02 18:25:00,109.13040170101621,109.49240690414072,108.91214089761418,109.38302388026047,1063
2020-01-02 18:30:00,109.38302388026047,109.60178992802099,109.16425783249994,109.4061397258259,891
2020-01-02 18:35:00,109.4061397258259,109.62495200527755,109.18732744637424,109.38191678205517,769
2020-01-02 18:40:00,109.38191678205517,109.60068061561928,109.16315294849106,109.46618462822926,669
2020-01-02 18:45:00,109.46618462822926,109.68511699748572,108.88556668836998,108.9945612496196,755
2020-01-02 18:50:00,108.9945612496196,109.37542974201531,108.77657212712036,109.26616357843689,690
2020-01-02 18:55:00,109.26616357843689,109.48469590559377,109.04763125128001,109.34299532525537,636
2020-01-02 19:00:00,109.34299532525537,109.57811223729635,109.12430933460486,109.46864359370267,709
2020-01-02 19:05:00,109.46864359370267,109.68758088089007,109.24970630651526,109.4351997599514,605
2020-01-02 19:10:00,109.4351997599514,109.6540701594713,109.2163293604315,109.39802261578642,672
2020-01-02 19:15:00,109.39802261578642,109.61681866101799,109.15695710893758,109.26622333226985,758
2020-01-02 19:20:00,109.26622333226985,109.48475577893439,109.0476908856053,109.26272124693541,580
2020-01-02 19:25:00,109.26272124693541,109.51701866655924,109.04419580444154,109.40761105550375,608
2020-01-02 19:30:00,109.40761105550375,109.62642627761475,109.18879583339275,109.41860499700546,561
2020-01-02 19:35:00,109.41860499700546,109.63744220699947,109.19976778701145,109.33177268811772,542
2020-01-02 19:40:00,109.33177268811772,109.55043623349395,109.1131091427415,109.37991550178337,491
2020-01-02 19:45:00,109.37991550178337,109.59867533278694,109.1611556707798,109.37406780830028,469
2020-01-02 19:50:00,109.37406780830028,109.59281594391689,109.1442963549972,109.2535499049021,441
2020-01-02 19:55:00,109.2535499049021,109.55123075583661,109.0350428050923,109.44178896686975,399
2020-01-02 20:00:00,109.44178896686975,109.66067254480349,109.22290538893601,109.51218463427179,435
2020-01-02 20:05:00,109.51218463427179,109.73120900354033,109.29316026500325,109.45189360355238,403
2020-01-02 20:10:00,109.45189360355238,109.67079739075949,109.16659626381433,109.27587213595028,307
2020-01-02 20:15:00,109.27587213595028,109.53346357765903,109.05732039167837,109.42403953812092,183
2020-01-02 20:20:00,109.42403953812092,109.64288761719716,109.20519145904468,109.52566507862556,221
2020-01-02 20:25:00,109.52566507862556,109.74471640878282,109.29665650658045,109.4060625691496,285
2020-01-02 20:30:00,109.4060625691496,109.6248746942879,109.1872504440113,109.3000539730515,238
2020-01-02 20:35:00,109.3000539730515,109.5186540809976,109.03461191487585,109.1437556705464,322
2020-01-02 20:40:00,109.1437556705464,109.36204318188749,108.92546815920531,109.1966487984172,299
2020-01-02 20:45:00,109.1966487984172,109.41504209601403,108.83166539580215,108.94060600180396,321
2020-01-02 20:50:00,108.94060600180396,109.15848721380756,108.72272478980035,108.91111361506738,438
2020-01-02 20:55:00,108.91111361506738,109.12893584229751,108.67950771834548,108.78829601435983,476
2020-01-02 21:00:00,108.78829601435983,109.00587260638855,108.57071942233111,108.80677975678671,453
2020-01-02 21:05:00,108.80677975678671,109.02439331630029,108.58903411539791,108.69773184724515,591
2020-01-02 21:10:00,108.69773184724515,108.91512731093964,108.48033638355066,108.62479753404958,670
2020-01-02 21:15:00,108.62479753404958,108.87250983183911,108.40754793898148,108.76374608575337,660
2020-01-02 21:20:00,108.76374608575337,108.98127357792488,108.54621859358186,108.65875374991981,711
2020-01-02 21:25:00,108.65875374991981,108.87607125741965,108.44143624241997,108.59296384146639,664
2020-01-02 21:30:00,108.59296384146639,109.03785630981506,108.37577791378345,108.92892738243263,594
2020-01-02 21:35:00,108.92892738243263,109.2688345628138,108.71106952766777,109.15967488792587,611
2020-01-02 21:40:00,109.15967488792587,109.37799423770173,108.87673337063283,108.98571908972255,627
2020-01-02 21:45:00,108.98571908972255,109.2560116931621,108.7677476515431,109.14686482833378,830
2020-01-02 21:50:00,109.14686482833378,109.36515855799044,108.92857109867711,109.2417625437439,866
2020-01-02 21:55:00,109.2417625437439,109.4602460688314,109.02327901865641,109.18389178129739,880
2020-01-02 22:00:00,109.18389178129739,109.40225956485999,108.96552399773479,109.21148161880097,945
2020-01-02 22:05:00,109.21148161880097,109.50761157194917,108.99305865556337,109.3982133585906,1063
2020-01-02 22:10:00,109.3982133585906,109.61700978530777,108.94097263349788,109.05002265615403,1063
2020-01-02 22:15:00,109.05002265615403,109.26812270146634,108.83192261084172,109.04628201208634,931
2020-01-02 22:20:00,109.04628201208634,109.29296552654395,108.82818944806216,109.18378174479916,969
2020-01-02 22:25:00,109.18378174479916,109.40214930828876,108.96541418130957,109.12370483002181,884
2020-01-02 22:30:00,109.12370483002181,109.4975066184126,108.90545742036177,109.3881184999127,916
2020-01-02 22:35:00,109.3881184999127,109.7473770901087,109.16934226291286,109.63773935075795,985
2020-01-02 22:40:00,109.63773935075795,109.85701482945947,109.41846387205644,109.70413543237652,937
2020-01-02 22:45:00,109.70413543237652,109.92354370324126,109.48472716151177,109.7575107642326,885
2020-01-02 22:50:00,109.7575107642326,109.97702578576107,109.53799574270414,109.68101790721839,916
2020-01-02 22:55:00,109.68101790721839,109.90037994303283,109.46165587140395,109.63842246563273,945
2020-01-02 23:00:00,109.63842246563273,109.8914956713778,109.41914562070146,109.7817139574204,824
2020-01-02 23:05:00,109.7817139574204,110.21110338293849,109.56215052950556,110.10100238055794,707
2020-01-02 23:10:00,110.10100238055794,110.32120438531906,109.88080037579682,110.18587503462597,737
2020-01-02 23:15:00,110.18587503462597,110.40624678469521,109.96550328455672,110.26672730261245,839
2020-01-02 23:20:00,110.26672730261245,110.48726075721768,110.04619384800722,110.33451134574304,852
2020-01-02 23:25:00,110.33451134574304,110.75959410825801,110.11384232305156,110.64894516309494,791
2020-01-02 23:30:00,110.64894516309494,110.94352381662101,110.42764727276875,110.83269112549553,672
2020-01-02 23:35:00,110.83269112549553,111.0845477371535,110.61102574324454,110.97357416299052,631
2020-01-02 23:40:00,110.97357416299052,111.1955213113165,110.75162701466454,111.02883572874309,678
2020-01-02 23:45:00,111.02883572874309,111.25089340020058,110.8067780572856,110.95630841169293,699
2020-01-02 23:50:00,110.95630841169293,111.19035120899271,110.73439579486954,111.07927193705567,695
2020-01-02 23:55:00,111.07927193705567,111.37147730834897,110.85711339318155,111.26021709125773,698
2020-01-03 00:00:00,111.26021709125773,111.48273752544024,111.03769665707522,111.32151379059357,815
2020-01-03 00:05:00,111.32151379059357,111.54415681817476,111.09887076301239,111.26318407878902,798
2020-01-03 00:10:00,111.26318407878902,111.5080868936246,111.04065771063145,111.39669020342119,616
2020-01-03 00:15:00,111.39669020342119,111.61948358382803,111.10704737090444,111.21826563654098,760
2020-01-03 00:20:00,111.21826563654098,111.44070216781405,110.9958291052679,111.20084064514174,750
2020-01-03 00:25:00,111.20084064514174,111.5060380545189,110.97843896385146,111.39464341110781,692
2020-01-03 00:30:00,111.39464341110781,111.66914869054469,111.17185412428559,111.55759109944526,736
2020-01-03 00:35:00,111.55759109944526,111.83682763798015,111.33447591724637,111.72510253544472,570
2020-01-03 00:40:00,111.72510253544472,111.94855274051561,111.50165233037383,111.61548752629969,491
2020-01-03 00:45:00,111.61548752629969,111.95731534849783,111.39225655124709,111.84546987861923,531
2020-01-03 00:50:00,111.84546987861923,112.22807486653659,111.621778938862,112.11595890762896,682
2020-01-03 00:55:00,112.11595890762896,112.35300617597937,111.8917269898137,112.24076541056881,607
2020-01-03 01:00:00,112.24076541056881,112.46524694138995,112.01628387974768,112.19933804755901,664
2020-01-03 01:05:00,112.19933804755901,112.42373672365413,111.97493937146389,112.16973663996872,699
2020-01-03 01:10:00,112.16973663996872,112.39407611324866,111.94539716668878,112.1770729523584,786
2020-01-03 01:15:00,112.1770729523584,112.40142709826311,111.95271880645369,112.20981869441323,661
2020-01-03 01:20:00,112.20981869441323,112.43423833180205,111.98539905702441,112.10684894625324,637
2020-01-03 01:25:00,112.10684894625324,112.33106264414575,111.87842083371137,111.99041124495633,543
2020-01-03 01:30:00,111.99041124495633,112.21439206744624,111.62590222484702,111.73763986471174,588
2020-01-03 01:35:00,111.73763986471174,111.96111514444117,111.38185147309659,111.4933448179145,532
2020-01-03 01:40:00,111.4933448179145,111.71633150755034,111.27035812827867,111.54672356853538,509
2020-01-03 01:45:00,111.54672356853538,111.76981701567246,111.32363012139831,111.56596974191612,534
2020-01-03 01:50:00,111.56596974191612,111.78910168139996,111.34283780243229,111.60164797477869,477
2020-01-03 01:55:00,111.60164797477869,111.82485127072825,111.35692288732538,111.46839127860399,529
2020-01-03 02:00:00,111.46839127860399,111.89806155476559,111.24545449604678,111.78627527948612,490
2020-01-03 02:05:00,111.78627527948612,112.00984783004509,111.42092408226661,111.53245653880542,322
2020-01-03 02:10:00,111.53245653880542,111.75552145188303,111.30939162572781,111.57714647619686,259
2020-01-03 02:15:00,111.57714647619686,111.83867215301186,111.35399218324447,111.72694520780406,253
2020-01-03 02:20:00,111.72694520780406,112.10913507443452,111.50349131738845,111.99713793649804,262
2020-01-03 02:25:00,111.99713793649804,112.22113221237103,111.73557404713279,111.84742146860138,169
2020-01-03 02:30:00,111.84742146860138,112.07111631153859,111.62372662566418,111.81199990939099,145
2020-01-03 02:35:00,111.81199990939099,112.03562390920978,111.5883759095722,111.82488935348663,109
2020-01-03 02:40:00,111.82488935348663,112.0485391321936,111.60123957477965,111.85317903853405,59
2020-01-03 02:45:00,111.85317903853405,112.20199485160522,111.62947268045698,112.08990494665858,59
2020-01-03 02:50:00,112.08990494665858,112.32118945821331,111.86572513676526,112.2089804777356,108
2020-01-03 02:55:00,112.2089804777356,112.43339843869107,111.98456251678012,112.25730734250732,119
2020-01-03 03:00:00,112.25730734250732,112.48182195719234,111.95265518604505,112.064719905951,118
2020-01-03 03:05:00,112.064719905951,112.2888493457629,111.84059046613909,112.02973606997406,22
2020-01-03 03:10:00,112.02973606997406,112.253795542114,111.80567659783412,111.93752581009021,30
2020-01-03 03:15:00,111.93752581009021,112.16140086171039,111.65320771848135,111.76497269117253,-9
2020-01-03 03:20:00,111.76497269117253,112.03942722721321,111.54144274579019,111.92749972748574,-41
2020-01-03 03:25:00,111.92749972748574,112.33778445055052,111.70364472803077,112.22555889165886,9
2020-01-03 03:30:00,112.22555889165886,112.50638925170453,112.00110777387555,112.3939952564481,78
2020-01-03 03:35:00,112.3939952564481,112.61878324696099,112.1692072659352,112.3518396662845,93
2020-01-03 03:40:00,112.3518396662845,112.57654334561707,112.12713598695194,112.32920491500329,140
2020-01-03 03:45:00,112.32920491500329,112.5538633248333,111.9225535174143,112.03458810551982,75
2020-01-03 03:50:00,112.03458810551982,112.32031754801339,111.81051892930877,112.20810943857482,28
2020-01-03 03:55:00,112.20810943857482,112.43252565745198,111.98369321969767,112.13896439670222,14
2020-01-03 04:00:00,112.13896439670222,112.36324232549562,111.91468646790882,112.08715042826131,80
2020-01-03 04:05:00,112.08715042826131,112.43412956789689,111.86297612740479,112.32180776013676,65
2020-01-03 04:10:00,112.32180776013676,112.54645137565704,111.92613935110406,112.03817752863269,108
2020-01-03 04:15:00,112.03817752863269,112.42199764938947,111.81410117357542,112.30968796142805,65
2020-01-03 04:20:00,112.30968796142805,112.53430733735091,112.0850685855052,112.3052395279414,26
2020-01-03 04:25:00,112.3052395279414,112.52985000699728,112.08062904888551,112.3766759437009,24
2020-01-03 04:30:00,112.3766759437009,112.6014292955883,112.1519225918135,112.4687603555675,2
2020-01-03 04:35:00,112.4687603555675,112.69369787627863,112.24382283485636,112.45026883741195,-16
2020-01-03 04:40:00,112.45026883741195,112.67516937508678,112.22536829973713,112.40661630718049,9
2020-01-03 04:45:00,112.40661630718049,112.63142953979485,112.18180307456612,112.35679539307795,-7
2020-01-03 04:50:00,112.35679539307795,112.66706268857219,112.1320818022918,112.5545081803918,-12
2020-01-03 04:55:00,112.5545081803918,112.7796171967526,112.32939916403102,112.63009701797473,-66
2020-01-03 05:00:00,112.63009701797473,112.85535721201069,112.31596079483636,112.42838918402038,19
2020-01-03 05:05:00,112.42838918402038,112.91748608725997,112.20353240565234,112.80468140585413,45
2020-01-03 05:10:00,112.80468140585413,113.03029076866584,112.38742986022213,112.49992979001215,3
2020-01-03 05:15:00,112.49992979001215,112.72492964959217,112.27492993043212,112.39516182319183,-20
2020-01-03 05:20:00,112.39516182319183,112.61995214683822,111.94940477322666,112.06146623946613,-75
2020-01-03 05:25:00,112.06146623946613,112.28558917194506,111.8373433069872,112.10168177104437,-136
2020-01-03 05:30:00,112.10168177104437,112.32588513458646,111.56453133350709,111.67620754104814,-77
2020-01-03 05:35:00,111.67620754104814,112.11626302491682,111.45285512596605,112.00425876615068,-42
2020-01-03 05:40:00,112.00425876615068,112.22826728368298,111.78025024861839,111.926083636939,90
2020-01-03 05:45:00,111.926083636939,112.14993580421287,111.5620775116564,111.67375126291931,115
2020-01-03 05:50:00,111.67375126291931,111.96748764289411,111.45040376039347,111.85563201088324,131
2020-01-03 05:55:00,111.85563201088324,112.07934327490501,111.63192074686147,111.78991986383056,117
2020-01-03 06:00:00,111.78991986383056,112.01349970355822,111.5663400241029,111.8941480714655,131
2020-01-03 06:05:00,111.8941480714655,112.11793636760842,111.67035977532257,111.88923656505432,143
2020-01-03 06:10:00,111.88923656505432,112.11301503818443,111.48007002945408,111.59166169114523,115
2020-01-03 06:15:00,111.59166169114523,111.81484501452752,111.36847836776295,111.48222938301389,176
2020-01-03 06:20:00,111.48222938301389,111.70519384177992,111.01396970429956,111.12509479909865,284
2020-01-03 06:25:00,111.12509479909865,111.34734498869685,110.90284460950045,111.16230596734182,296
2020-01-03 06:30:00,111.16230596734182,111.3846305792765,110.93998135540714,111.24919972358674,342
2020-01-03 06:35:00,111.24919972358674,111.47169812303392,111.02670132413957,111.26414839223725,327
2020-01-03 06:40:00,111.26414839223725,111.48667668902172,111.04162009545277,111.2316189364952,393
2020-01-03 06:45:00,111.2316189364952,111.45408217436818,110.63028163163663,110.74102265429093,428
2020-01-03 06:50:00,110.74102265429093,110.9625046995995,110.51954060898235,110.73791491405882,467
2020-01-03 06:55:00,110.73791491405882,111.00620087674204,110.5164390842307,110.89530557117088,451
2020-01-03 07:00:00,110.89530557117088,111.11709618231322,110.62294363812457,110.73367731544,357
2020-01-03 07:05:00,110.73367731544,110.98779823749084,110.51220996080913,110.87692131617467,416
2020-01-03 07:10:00,110.87692131617467,111.10851341483115,110.65516747354232,110.99751589893224,405
2020-01-03 07:15:00,110.99751589893224,111.2195109307301,110.77552086713438,111.06942939321158,475
2020-01-03 07:20:00,111.06942939321158,111.37877479515092,110.84729053442516,111.26750728786307,526
2020-01-03 07:25:00,111.26750728786307,111.55756282873655,111.04497227328734,111.44611671202453,480
2020-01-03 07:30:00,111.44611671202453,111.66900894544858,111.22322447860049,111.41885694218121,410
2020-01-03 07:35:00,111.41885694218121,111.64169465606557,111.19601922829685,111.39470378453433,362
2020-01-03 07:40:00,111.39470378453433,111.6174931921034,110.9672175213561,111.07829581717328,369
2020-01-03 07:45:00,111.07829581717328,111.30045240880763,110.83121244356916,110.94215459816732,440
2020-01-03 07:50:00,110.94215459816732,111.16403890736366,110.5639607303037,110.67463536566937,367
2020-01-03 07:55:00,110.67463536566937,110.89598463640071,110.40808161596176,110.51860021617794,387
2020-01-03 08:00:00,110.51860021617794,110.73963741661031,110.29756301574558,110.47474950118087,341
2020-01-03 08:05:00,110.47474950118087,110.69569900018323,110.15911997071278,110.26938936007285,356
2020-01-03 08:10:00,110.26938936007285,110.60494229665764,110.04885058135271,110.49444784880885,158
2020-01-03 08:15:00,110.49444784880885,110.71543674450646,110.27345895311123,110.52491937971105,248
2020-01-03 08:20:00,110.52491937971105,110.74596921847048,110.30386954095162,110.55967826466669,276
2020-01-03 08:25:00,110.55967826466669,110.78079762119602,110.28782760691128,110.39822583274402,314
2020-01-03 08:30:00,110.39822583274402,110.68436756571322,110.17742938107853,110.57379377194128,420
2020-01-03 08:35:00,110.57379377194128,110.79494135948516,110.3526461843974,110.48937671346168,330
2020-01-03 08:40:00,110.48937671346168,110.7103554668886,110.26386484310646,110.37423908218865,290
2020-01-03 08:45:00,110.37423908218865,110.59498756035303,110.15349060402427,110.39946316179544,322
2020-01-03 08:50:00,110.39946316179544,110.62026208811903,110.17866423547184,110.39949745157917,305
2020-01-03 08:55:00,110.39949745157917,110.62029644648233,110.178698456676,110.42519691183996,286
2020-01-03 09:00:00,110.42519691183996,110.64604730566364,110.20434651801628,110.31618794749437,210
2020-01-03 09:05:00,110.31618794749437,110.53682032338936,110.07044121960718,110.18062184144863,243
2020-01-03 09:10:00,110.18062184144863,110.40098308513153,109.96026059776572,110.22401559720004,290
2020-01-03 09:15:00,110.22401559720004,110.44446362839443,110.00356756600564,110.20130309197931,296
2020-01-03 09:20:00,110.20130309197931,110.42170569816327,109.98090048579536,110.24516800702239,156
2020-01-03 09:25:00,110.24516800702239,110.46565834303644,110.02467767100833,110.22296256382977,224
2020-01-03 09:30:00,110.22296256382977,110.49295859605476,110.0025166387021,110.38257602003473,256
2020-01-03 09:35:00,110.38257602003473,110.6033411720748,110.16181086799466,110.4152463441437,224
2020-01-03 09:40:00,110.4152463441437,110.63607683683199,110.1944158514554,110.51723212893408,243
2020-01-03 09:45:00,110.51723212893408,110.73826659319195,110.29619766467621,110.44260162170578,273
2020-01-03 09:50:00,110.44260162170578,110.66348682494919,110.09320359132073,110.20340699831905,182
2020-01-03 09:55:00,110.20340699831905,110.42381381231569,109.89161537887179,110.00161699586766,165
2020-01-03 10:00:00,110.00161699586766,110.2216202298594,109.78161376187593,109.92682990902766,205
2020-01-03 10:05:00,109.92682990902766,110.14668356884572,109.7069762492096,109.97637519975912,160
2020-01-03 10:10:00,109.97637519975912,110.25793961329231,109.7564224493596,110.14779182147085,192
2020-01-03 10:15:00,110.14779182147085,110.36808740511378,109.86072706265956,109.97069776041998,203
2020-01-03 10:20:00,109.97069776041998,110.19063915594081,109.75075636489915,110.0327887877629,141
2020-01-03 10:25:00,110.0327887877629,110.3287594205344,109.81272321018737,110.21854087965475,206
2020-01-03 10:30:00,110.21854087965475,110.43897796141407,109.95957358154172,110.06964322476648,202
2020-01-03 10:35:00,110.06964322476648,110.28978251121602,109.84950393831694,110.16923216277183,182
2020-01-03 10:40:00,110.16923216277183,110.38957062709738,109.94889369844628,110.17599421397296,200
2020-01-03 10:45:00,110.17599421397296,110.3963462024009,109.955642225545,110.0911784915778,145
2020-01-03 10:50:00,110.0911784915778,110.31136084856095,109.55837495030637,109.66804299329968,262
2020-01-03 10:55:00,109.66804299329968,109.90690913048502,109.44870690731308,109.79711201846656,248
2020-01-03 11:00:00,109.79711201846656,110.0167062425035,109.57751779442962,109.80081205369108,202
2020-01-03 11:05:00,109.80081205369108,110.09432653633073,109.58121042958369,109.9843421941366,252
2020-01-03 11:10:00,109.9843421941366,110.20431087852488,109.76437350974832,110.05668039268822,286
2020-01-03 11:15:00,110.05668039268822,110.2767937534736,109.83656703190285,110.15438004114179,247
2020-01-03 11:20:00,110.15438004114179,110.37468880122408,109.9340712810595,110.1712099167286,223
2020-01-03 11:25:00,110.1712099167286,110.39155233656206,109.81876267419607,109.92869136556163,229
2020-01-03 11:30:00,109.92869136556163,110.14854874829275,109.70883398283051,109.9572741990467,223
2020-01-03 11:35:00,109.9572741990467,110.31320918918594,109.7373596506486,110.20300618300296,145
2020-01-03 11:40:00,110.20300618300296,110.42341219536897,109.98260017063694,110.18593770554627,112
2020-01-03 11:45:00,110.18593770554627,110.57100422149487,109.96556583013518,110.46054367781707,123
2020-01-03 11:50:00,110.46054367781707,110.6814647651727,110.14149420423999,110.25174595019018,96
2020-01-03 11:55:00,110.25174595019018,110.47224944209056,110.03124245828981,110.19920298399202,136
2020-01-03 12:00:00,110.19920298399202,110.41960138996001,109.90546483217253,110.01548031248501,164
2020-01-03 12:05:00,110.01548031248501,110.31383501001474,109.79544935186004,110.20363137863612,139
2020-01-03 12:10:00,110.20363137863612,110.4240386413934,109.95952262302185,110.0695922152371,109
2020-01-03 12:15:00,110.0695922152371,110.28973139966757,109.84945303080661,110.14659002938929,115
2020-01-03 12:20:00,110.14659002938929,110.36688320944806,109.92629684933051,110.09374485836548,74
2020-01-03 12:25:00,110.09374485836548,110.54925138528509,109.87355736864875,110.4388125727124,71
2020-01-03 12:30:00,110.4388125727124,110.88481361423676,110.21793494756697,110.77403957466211,61
2020-01-03 12:35:00,110.77403957466211,110.99558765381144,110.55249149551278,110.71464606454384,128
2020-01-03 12:40:00,110.71464606454384,110.93607535667293,110.23697048375755,110.3473178015591,76
2020-01-03 12:45:00,110.3473178015591,110.56801243716222,110.12662316595598,110.30318124758426,102
2020-01-03 12:50:00,110.30318124758426,110.52378761007944,109.92872518357373,110.03876394752125,207
2020-01-03 12:55:00,110.03876394752125,110.25884147541629,109.70394721278132,109.81376097375507,177
2020-01-03 13:00:00,109.81376097375507,110.03338849570258,109.59413345180755,109.88391338754906,145
2020-01-03 13:05:00,109.88391338754906,110.10368121432415,109.66414556077396,109.96432736139151,161
2020-01-03 13:10:00,109.96432736139151,110.19313195725685,109.74439870666873,110.08304890834852,92
2020-01-03 13:15:00,110.08304890834852,110.30321500616522,109.86288281053181,110.16105479343729,123
2020-01-03 13:20:00,110.16105479343729,110.38137690302416,109.94073268385041,110.10932458915632,60
2020-01-03 13:25:00,110.10932458915632,110.32954323833462,109.88910593997801,110.2091687505895,42
2020-01-03 13:30:00,110.2091687505895,110.42958708809067,109.98875041308833,110.13146431901603,21
2020-01-03 13:35:00,110.13146431901603,110.35172724765407,109.911201390378,110.12053939648405,13
2020-01-03 13:40:00,110.12053939648405,110.34078047527701,109.90029831769108,110.06134848024206,49
2020-01-03 13:45:00,110.06134848024206,110.28147117720255,109.84122578328157,110.03142981491966,111
2020-01-03 13:50:00,110.03142981491966,110.37599696869138,109.81136695528983,110.26573123745393,11
2020-01-03 13:55:00,110.26573123745393,110.5428049606544,110.04519977497903,110.43237258806634,49
2020-01-03 14:00:00,110.43237258806634,110.65323733324247,109.99592170208443,110.10602772981424,-7
2020-01-03 14:05:00,110.10602772981424,110.33694675138243,109.88581567435462,110.22672003135109,-54
2020-01-03 14:10:00,110.22672003135109,110.44717347141379,110.0062665912884,110.15942061478974,-52
2020-01-03 14:15:00,110.15942061478974,110.37973945601932,109.93910177356015,110.25598850778266,-140
2020-01-03 14:20:00,110.25598850778266,110.63397301396762,110.0354765307671,110.52344956440322,-186
2020-01-03 14:25:00,110.52344956440322,110.74449646353203,110.1926003847364,110.30290328802442,-136
2020-01-03 14:30:00,110.30290328802442,110.52350909460047,110.08229748144838,110.28179973059021,-229
2020-01-03 14:35:00,110.28179973059021,110.5023633300514,110.06123613112902,110.27979994420224,-182
2020-01-03 14:40:00,110.27979994420224,110.53693509872181,110.05924034431384,110.42650859013169,-304
2020-01-03 14:45:00,110.42650859013169,110.64736160731195,110.20565557295143,110.45946231399351,-297
2020-01-03 14:50:00,110.45946231399351,110.77488228673099,110.23854338936553,110.66421806866234,-231
2020-01-03 14:55:00,110.66421806866234,110.97303210571216,110.44288963252501,110.8621699357764,-173
2020-01-03 15:00:00,110.8621699357764,111.08389427564795,110.64044559590484,110.77832823062134,-154
2020-01-03 15:05:00,110.77832823062134,110.99988488708259,110.5567715741601,110.69736668192328,-141
2020-01-03 15:10:00,110.69736668192328,110.91876141528714,110.40631695458332,110.51683378837168,-91
2020-01-03 15:15:00,110.51683378837168,110.73786745594843,110.21606577704142,110.32639216921064,-73
2020-01-03 15:20:00,110.32639216921064,110.54704495354906,109.93074833513316,110.04078912425742,-8
2020-01-03 15:25:00,110.04078912425742,110.26087070250593,109.76895794351492,109.87883678029522,15
2020-01-03 15:30:00,109.87883678029522,110.1179617909894,109.65907910673462,110.00795383715226,-15
2020-01-03 15:35:00,110.00795383715226,110.35290449611416,109.78793792947795,110.2426618342799,31
2020-01-03 15:40:00,110.2426618342799,110.46314715794846,110.02217651061135,110.25677038298859,-13
2020-01-03 15:45:00,110.25677038298859,110.47728392375457,110.03625684222261,110.34318645957784,56
2020-01-03 15:50:00,110.34318645957784,110.563872832497,110.12250008665868,110.45084556334288,100
2020-01-03 15:55:00,110.45084556334288,110.67174725446957,110.17520511242431,110.28549060302734,108
2020-01-03 16:00:00,110.28549060302734,110.72624598566965,110.06491962182129,110.61563035531435,171
2020-01-03 16:05:00,110.61563035531435,110.83686161602498,110.39439909460373,110.58523374112627,224
2020-01-03 16:10:00,110.58523374112627,110.80640420860853,110.36406327364402,110.53204208463809,275
2020-01-03 16:15:00,110.53204208463809,110.75310616880736,110.31097800046882,110.61456692474427,314
2020-01-03 16:20:00,110.61456692474427,110.8645192504318,110.39333779089478,110.75376548494687,266
2020-01-03 16:25:00,110.75376548494687,110.97527301591676,110.46042515292406,110.57099614907314,316
2020-01-03 16:30:00,110.57099614907314,110.79213814137128,110.349854156775,110.64692075180379,368
2020-01-03 16:35:00,110.64692075180379,110.86866997131769,110.42562691030018,110.75791205925844,308
2020-01-03 16:40:00,110.75791205925844,110.98433999046192,110.53639623513993,110.87346652393799,319
2020-01-03 16:45:00,110.87346652393799,111.09521345698587,110.65171959089011,110.86155883805695,252
2020-01-03 16:50:00,110.86155883805695,111.12063235899964,110.63983572038083,111.0096227362634,291
2020-01-03 16:55:00,111.0096227362634,111.23164198173592,110.78760349079087,111.01791077361763,258
2020-01-03 17:00:00,111.01791077361763,111.24541876489819,110.79587495207039,111.13428448041779,293
2020-01-03 17:05:00,111.13428448041779,111.35655304937863,110.91201591145695,111.04659372164035,284
2020-01-03 17:10:00,111.04659372164035,111.26868690908363,110.82450053419707,110.96683381898625,294
2020-01-03 17:15:00,110.96683381898625,111.18876748662422,110.74490015134828,110.90158321678297,356
2020-01-03 17:20:00,110.90158321678297,111.12631189365204,110.67978005034941,111.015296597055,367
2020-01-03 17:25:00,111.015296597055,111.2373271902491,110.7932660038609,111.05880080487161,360
2020-01-03 17:30:00,111.05880080487161,111.28091840648135,110.65213807152952,110.76290097250202,323
2020-01-03 17:35:00,110.76290097250202,110.98442677444703,110.4276242826779,110.53816244512302,329
2020-01-03 17:40:00,110.53816244512302,110.75923877001327,110.31708612023277,110.43382601627385,352
2020-01-03 17:45:00,110.43382601627385,110.65469366830641,110.04084990791056,110.15100090881937,374
2020-01-03 17:50:00,110.15100090881937,110.37130291063701,109.93069890700173,110.12524239831,361
2020-01-03 17:55:00,110.12524239831,110.34549288310662,109.90499191351337,110.20813081648761,473
2020-01-03 18:00:00,110.20813081648761,110.42854707812059,109.98771455485463,110.14865667151942,389
2020-01-03 18:05:00,110.14865667151942,110.36895398486246,109.92835935817638,110.19166099375626,303
2020-01-03 18:10:00,110.19166099375626,110.41204431574377,109.97127767176875,110.24848483030252,303
2020-01-03 18:15:00,110.24848483030252,110.46898179996312,110.01292733781202,110.12305038820021,249
2020-01-03 18:20:00,110.12305038820021,110.38036753236082,109.9028042874238,110.2700974349259,182
2020-01-03 18:25:00,110.2700974349259,110.49063762979576,110.0062352036903,110.11635155524554,122
2020-01-03 18:30:00,110.11635155524554,110.33658425835604,109.89611885213505,110.10256972802381,58
2020-01-03 18:35:00,110.10256972802381,110.32277486747985,109.82682553588029,109.93676229817846,62
2020-01-03 18:40:00,109.93676229817846,110.15663582277482,109.70792631935068,109.8177440634141,35
2020-01-03 18:45:00,109.8177440634141,110.03737955154092,109.59810857528727,109.77299523634514,107
2020-01-03 18:50:00,109.77299523634514,109.99254122681783,109.44944784210044,109.5590068489494,156
2020-01-03 18:55:00,109.5590068489494,109.77812486264729,109.26093266770344,109.37030297067412,245
2020-01-03 19:00:00,109.37030297067412,109.58904357661547,109.07695722896611,109.18614337233845,273
2020-01-03 19:05:00,109.18614337233845,109.40451565908313,108.96777108559377,109.23060866123754,305
2020-01-03 19:10:00,109.23060866123754,109.44906987856001,109.01214744391507,109.29462259110421,316
2020-01-03 19:15:00,109.29462259110421,109.59585380375361,109.076033345922,109.48636743631731,306
2020-01-03 19:20:00,109.48636743631731,109.70534017118995,109.12567942406494,109.23491433840334,350
2020-01-03 19:25:00,109.23491433840334,109.45338416708015,109.01644450972654,109.22472419278154,372
2020-01-03 19:30:00,109.22472419278154,109.4431736411671,109.00627474439597,109.31722758258154,332
2020-01-03 19:35:00,109.31722758258154,109.5358620377467,109.09859312741638,109.28863769644481,321
2020-01-03 19:40:00,109.28863769644481,109.5072149718377,109.07006042105192,109.26708500513175,325
2020-01-03 19:45:00,109.26708500513175,109.485619175142,108.894762244171,109.00376601018118,450
2020-01-03 19:50:00,109.00376601018118,109.22177354220155,108.6836812857602,108.79247375951972,455
2020-01-03 19:55:00,108.79247375951972,109.01005870703877,108.57488881200068,108.83547189845955,456
2020-01-03 20:00:00,108.83547189845955,109.05314284225646,108.59881211971233,108.70751963935169,378
2020-01-03 20:05:00,108.70751963935169,108.9249346786304,108.4633097641494,108.5718816457952,339
2020-01-03 20:10:00,108.5718816457952,108.79164211918746,108.35473788250361,108.68295916002744,360
2020-01-03 20:15:00,108.68295916002744,108.90032507834749,108.46559324170738,108.72198794435906,401
2020-01-03 20:20:00,108.72198794435906,108.93943192024777,108.50454396847034,108.7343749559431,454
2020-01-03 20:25:00,108.7343749559431,108.95184370585498,108.42397777081467,108.53251028109577,537
2020-01-03 20:30:00,108.53251028109577,108.74957530165796,108.29983999742633,108.408248245672,573
2020-01-03 20:35:00,108.408248245672,108.62506474216335,108.19143174918065,108.37421122890069,752
2020-01-03 20:40:00,108.37421122890069,108.59095965135849,108.13819386411065,108.24644030441506,663
2020-01-03 20:45:00,108.24644030441506,108.47196376353398,108.02994742380623,108.36360016337062,720
2020-01-03 20:50:00,108.36360016337062,108.58032736369736,108.03786993193637,108.14601594788425,739
2020-01-03 20:55:00,108.14601594788425,108.53335668533552,107.92972391598849,108.42493175358194,847
2020-01-03 21:00:00,108.42493175358194,108.64178161708911,108.20808189007478,108.33555321114858,900
2020-01-03 21:05:00,108.33555321114858,108.55222431757088,108.11888210472628,108.32817373702356,806
2020-01-03 21:10:00,108.32817373702356,108.5448300844976,108.11151738954952,108.32592521037903,725
2020-01-03 21:15:00,108.32592521037903,108.66905986840665,108.10927335995827,108.56049936903763,674
2020-01-03 21:20:00,108.56049936903763,108.77762036777571,108.34337837029955,108.51507283650422,694
2020-01-03 21:25:00,108.51507283650422,108.73210298217722,108.29804269083121,108.57042387300166,782
2020-01-03 21:30:00,108.57042387300166,108.78756472074767,108.35328302525565,108.51646843560933,679
2020-01-03 21:35:00,108.51646843560933,108.73350137248055,108.27373036954299,108.38211248202501,941
2020-01-03 21:40:00,108.38211248202501,108.59887670698906,108.05430157708896,108.1624640411301,840
2020-01-03 21:45:00,108.1624640411301,108.37878896921235,107.94613911304783,108.25125430458115,873
2020-01-03 21:50:00,108.25125430458115,108.46775681319032,108.03475179597199,108.2308834330764,905
2020-01-03 21:55:00,108.2308834330764,108.44734519994255,107.76271758498451,107.87058817315767,841
2020-01-03 22:00:00,107.87058817315767,108.08632934950398,107.65484699681136,107.89893841137614,1110
2020-01-03 22:05:00,107.89893841137614,108.11473628819888,107.68314053455339,107.84819413092845,1236
2020-01-03 22:10:00,107.84819413092845,108.06389051919031,107.63249774266659,107.91615377916783,1413
2020-01-03 22:15:00,107.91615377916783,108.13198608672616,107.62535899164352,107.73309208372726,1433
2020-01-03 22:20:00,107.73309208372726,107.94855826789471,107.5176258995598,107.82286272635035,1280
2020-01-03 22:25:00,107.82286272635035,108.03850845180305,107.60721700089765,107.77513656737814,1450
2020-01-03 22:30:00,107.77513656737814,107.9906868405129,107.46617677629501,107.57375052682184,1422
2020-01-03 22:35:00,107.57375052682184,107.78889802787549,107.2633067094883,107.37067738687519,1375
2020-01-03 22:40:00,107.37067738687519,107.86927619099872,107.15593603210144,107.7615146763224,1365
2020-01-03 22:45:00,107.7615146763224,107.97703770567504,107.54599164696977,107.6702233231135,1608
2020-01-03 22:50:00,107.6702233231135,107.88556376975973,107.30666447843343,107.41407855699042,1399
2020-01-03 22:55:00,107.41407855699042,107.6289067141044,107.19925039987643,107.47685362877297,1304
2020-01-03 23:00:00,107.47685362877297,107.69180733603052,106.9448788870321,107.05193081784995,1320
2020-01-03 23:05:00,107.05193081784995,107.30754852057454,106.83782695621424,107.20034817240216,1190
2020-01-03 23:10:00,107.20034817240216,107.41474886874697,106.94448786981158,107.05153940922081,1175
2020-01-03 23:15:00,107.05153940922081,107.26564248803925,106.83743633040237,106.98600767462136,1090
2020-01-03 23:20:00,106.98600767462136,107.23089483231497,106.77203565927212,107.12377106125373,1066
2020-01-03 23:25:00,107.12377106125373,107.33801860337624,106.78411219546133,106.89100319865999,1031
2020-01-03 23:30:00,106.89100319865999,107.41852321467712,106.67722119226266,107.31121200267447,989
2020-01-03 23:35:00,107.31121200267447,107.57914486062606,107.09658957866911,107.47167318743863,1104
2020-01-03 23:40:00,107.47167318743863,107.6866165338135,107.25672984106374,107.53165938405351,1144
2020-01-03 23:45:00,107.53165938405351,107.83674699047175,107.31659606528541,107.72901797249926,1238
2020-01-03 23:50:00,107.72901797249926,107.94447600844427,107.40832032922822,107.51583616539361,1172
2020-01-03 23:55:00,107.51583616539361,107.73086783772439,107.30080449306283,107.50559131875838,1294
2020-01-04 00:00:00,107.50559131875838,107.72060250139589,107.29058013612087,107.49868568936311,1343
2020-01-04 00:05:00,107.49868568936311,107.71368306074184,107.02924283471,107.13637921392393,1272
2020-01-04 00:10:00,107.13637921392393,107.43656662255269,106.92210645549608,107.32923738516753,1115
2020-01-04 00:15:00,107.32923738516753,107.54389585993786,107.1145789103972,107.42900712050913,984
2020-01-04 00:20:00,107.42900712050913,107.64386513475014,107.21414910626811,107.32839791253339,935
2020-01-04 00:25:00,107.32839791253339,107.54305470835845,106.86634478732991,106.97331810543534,1082
2020-01-04 00:30:00,106.97331810543534,107.18726474164622,106.75937146922446,107.0778613092837,948
2020-01-04 00:35:00,107.0778613092837,107.29201703190228,106.86370558666513,107.07681387655217,1038
2020-01-04 00:40:00,107.07681387655217,107.29096750430527,106.85193549535515,106.9588943897449,1069
2020-01-04 00:45:00,106.9588943897449,107.29965657286073,106.74497660096542,107.19246410875199,1183
2020-01-04 00:50:00,107.19246410875199,107.40684903696949,106.9780791805345,107.20594248296051,1370
2020-01-04 00:55:00,107.20594248296051,107.42035436792644,106.96040439963275,107.06747187150425,1597
2020-01-04 01:00:00,107.06747187150425,107.28160681524726,106.85333692776125,106.99631846659923,1535
2020-01-04 01:05:00,106.99631846659923,107.21031110353243,106.78232582966604,107.07065706839424,1580
2020-01-04 01:10:00,107.07065706839424,107.45102407841848,106.85651575425746,107.34368039802048,1758
2020-01-04 01:15:00,107.34368039802048,107.60274125723747,107.12899303722445,107.49524601122626,1596
2020-01-04 01:20:00,107.49524601122626,107.89477074174559,107.2802555192038,107.78698375798761,1518
2020-01-04 01:25:00,107.78698375798761,108.00255772550359,107.57140979047163,107.6815537163223,1313
2020-01-04 01:30:00,107.6815537163223,107.89691682375495,107.46619060888965,107.62170838474132,1129
2020-01-04 01:35:00,107.62170838474132,107.8751326663616,107.40646496797184,107.76736530106055,1102
2020-01-04 01:40:00,107.76736530106055,107.98290003166267,107.55183057045843,107.84993537745642,1182
2020-01-04 01:45:00,107.84993537745642,108.09616428934596,107.6342355067015,107.98817611323274,1097
2020-01-04 01:50:00,107.98817611323274,108.2041524654592,107.77219976100628,108.01601103856596,1098
2020-01-04 01:55:00,108.01601103856596,108.2320430606431,107.7631172393929,107.87098822762051,1116
2020-01-04 02:00:00,107.87098822762051,108.08673020407575,107.65524625116528,107.94593800834349,1005
2020-01-04 02:05:00,107.94593800834349,108.16182988436017,107.63862281116837,107.74636918034872,1091
2020-01-04 02:10:00,107.74636918034872,107.96186191870942,107.52612347274429,107.63375722997426,1167
2020-01-04 02:15:00,107.63375722997426,107.84902474443422,107.41848971551431,107.54676086967207,951
2020-01-04 02:20:00,107.54676086967207,107.76185439141142,107.33166734793272,107.60316646470957,806
2020-01-04 02:25:00,107.60316646470957,107.81837279763899,107.38796013178016,107.56064467133469,845
2020-01-04 02:30:00,107.56064467133469,107.77576596067736,107.34552338199201,107.50749124690714,923
2020-01-04 02:35:00,107.50749124690714,107.72250622940095,107.29247626441332,107.55847494760637,889
2020-01-04 02:40:00,107.55847494760637,107.7882540755239,107.34335799771115,107.68057350202189,892
2020-01-04 02:45:00,107.68057350202189,107.89593464902593,107.46521235501784,107.64114941394305,881
2020-01-04 02:50:00,107.64114941394305,107.85643171277094,107.42586711511517,107.69505501976016,1061
2020-01-04 02:55:00,107.69505501976016,107.91044512979968,107.37559266666588,107.48307574240829,1193
2020-01-04 03:00:00,107.48307574240829,107.6980418938931,107.26810959092347,107.54543879669885,1423
2020-01-04 03:05:00,107.54543879669885,107.81829231693871,107.33034791910545,107.71058173520352,1510
2020-01-04 03:10:00,107.71058173520352,107.92600289867393,107.49516057173311,107.73399066438736,1496
2020-01-04 03:15:00,107.73399066438736,108.09462644449955,107.51852268305859,107.98663980469487,1450
2020-01-04 03:20:00,107.98663980469487,108.20261308430426,107.77066652508549,108.06760777531734,1265
2020-01-04 03:25:00,108.06760777531734,108.28374299086798,107.61946332338344,107.72719051389734,1388
2020-01-04 03:30:00,107.72719051389734,107.94264489492514,107.51173613286954,107.63147124956748,1502
2020-01-04 03:35:00,107.63147124956748,107.84673419206662,107.41620830706835,107.54981985677848,1417
2020-01-04 03:40:00,107.54981985677848,107.97430013867566,107.33472021706493,107.8664337049707,1468
2020-01-04 03:45:00,107.8664337049707,108.19156752337418,107.65070083756076,108.08348403933485,1334
2020-01-04 03:50:00,108.08348403933485,108.39132288787833,107.86731707125618,108.28303984803031,1586
2020-01-04 03:55:00,108.28303984803031,108.49960592772638,108.03199625259263,108.14013638898162,1874
2020-01-04 04:00:00,108.14013638898162,108.35641666175958,107.92385611620365,108.08577362093413,2015
2020-01-04 04:05:00,108.08577362093413,108.33245182965518,107.86960207369226,108.22422760205315,2121
2020-01-04 04:10:00,108.22422760205315,108.44067605725725,108.00777914684905,108.2312916141581,2112
2020-01-04 04:15:00,108.2312916141581,108.44775419738642,108.01482903092977,108.18313830156183,2105
2020-01-04 04:20:00,108.18313830156183,108.39950457816495,107.9667720249587,108.24582880494171,2149
2020-01-04 04:25:00,108.24582880494171,108.60973927880607,108.02933714733183,108.50123804076532,2041
2020-01-04 04:30:00,108.50123804076532,108.71824051684685,108.28423556468378,108.48920293713739,1958
2020-01-04 04:35:00,108.48920293713739,108.70618134301166,108.25743900644342,108.36580481125468,1767
2020-01-04 04:40:00,108.36580481125468,108.58253642087719,108.14907320163216,108.46813403132471,1669
2020-01-04 04:45:00,108.46813403132471,108.68507029938736,108.25119776326206,108.36537494465726,1752
2020-01-04 04:50:00,108.36537494465726,108.58210569454657,108.14864419476795,108.35991128739181,1805
2020-01-04 04:55:00,108.35991128739181,108.5766311099666,108.14319146481702,108.327977635065,1730
2020-01-04 05:00:00,108.327977635065,108.54463359033512,108.11132167979487,108.2992532536823,1437
2020-01-04 05:05:00,108.2992532536823,108.51585176018966,108.08265474717493,108.25297554887898,1388
2020-01-04 05:10:00,108.25297554887898,108.46948149997674,108.03646959778122,108.24294631125309,1498
2020-01-04 05:15:00,108.24294631125309,108.4594322038756,108.02646041863059,108.13744755740612,1265
2020-01-04 05:20:00,108.13744755740612,108.35372245252093,107.92117266229131,108.05842023689532,1181
2020-01-04 05:25:00,108.05842023689532,108.2745370773691,107.74048742236485,107.84833575812297,1136
2020-01-04 05:30:00,107.84833575812297,108.06403242963921,107.63263908660673,107.94459516454909,1052
2020-01-04 05:35:00,107.94459516454909,108.16048435487818,107.68675250681292,107.7945470538668,1006
2020-01-04 05:40:00,107.7945470538668,108.01013614797452,107.57895795975907,107.88721713341525,808
2020-01-04 05:45:00,107.88721713341525,108.10299156768208,107.67144269914841,107.93594558274103,957
2020-01-04 05:50:00,107.93594558274103,108.1518174739065,107.72007369157555,107.99257957736593,856
2020-01-04 05:55:00,107.99257957736593,108.20856473652066,107.59714259465002,107.70484744209212,807
2020-01-04 06:00:00,107.70484744209212,107.96058813245794,107.48943774720793,107.8527353970609,756
2020-01-04 06:05:00,107.8527353970609,108.06844086785502,107.63702992626678,107.74991541951312,871
2020-01-04 06:10:00,107.74991541951312,108.15414832138676,107.5344155886741,108.0461022191676,966
2020-01-04 06:15:00,108.0461022191676,108.26219442360593,107.83001001472925,108.10586248815758,907
2020-01-04 06:20:00,108.10586248815758,108.3220742131339,107.88965076318127,108.06063909337016,981
2020-01-04 06:25:00,108.06063909337016,108.27676037155689,107.72503765350646,107.8328705240305,1061
2020-01-04 06:30:00,107.8328705240305,108.142588947802,107.61720478298244,108.0345543934086,1101
2020-01-04 06:35:00,108.0345543934086,108.25062350219541,107.81848528462179,107.97516125946731,867
2020-01-04 06:40:00,107.97516125946731,108.33651930069242,107.75921093694838,108.22829100968275,831
2020-01-04 06:45:00,108.22829100968275,108.44474759170211,108.01183442766339,108.17961454633937,1070
2020-01-04 06:50:00,108.17961454633937,108.64819438669751,107.96325531724669,108.53965473196556,1067
2020-01-04 06:55:00,108.53965473196556,108.75673404142948,108.18443821302267,108.29273094396665,1166
2020-01-04 07:00:00,108.29273094396665,108.50931640585458,108.07614548207872,108.32794377066932,1008
2020-01-04 07:05:00,108.32794377066932,108.54459965821066,108.08370349894692,108.19189539434126,919
2020-01-04 07:10:00,108.19189539434126,108.40827918512994,107.97551160355258,108.10291803417849,940
2020-01-04 07:15:00,108.10291803417849,108.31912387024684,107.88671219811013,108.13867979188991,1028
2020-01-04 07:20:00,108.13867979188991,108.3549571514737,107.91420536273493,108.02222759032526,1063
2020-01-04 07:25:00,108.02222759032526,108.23827204550591,107.80618313514461,108.05367949835706,1030
2020-01-04 07:30:00,108.05367949835706,108.26978685735376,107.76714439493473,107.87501941434908,1120
2020-01-04 07:35:00,107.87501941434908,108.09076945317778,107.65926937552038,107.82521214714907,981
2020-01-04 07:40:00,107.82521214714907,108.04086257144337,107.60956172285478,107.91171233627628,1069
2020-01-04 07:45:00,107.91171233627628,108.12753576094883,107.69588891160373,107.98591027741492,816
2020-01-04 07:50:00,107.98591027741492,108.20188209796974,107.76993845686009,107.98087938670744,694
2020-01-04 07:55:00,107.98087938670744,108.19684114548086,107.76484553284038,107.87271825109147,704
2020-01-04 08:00:00,107.87271825109147,108.08846368759366,107.40304156815131,107.51055212027158,524
2020-01-04 08:05:00,107.51055212027158,107.72557322451213,107.29553101603103,107.58436132661858,355
2020-01-04 08:10:00,107.58436132661858,107.79953004927181,107.36919260396535,107.49943726730419,385
2020-01-04 08:15:00,107.49943726730419,107.7144361418388,107.28443839276957,107.56119391781301,283
2020-01-04 08:20:00,107.56119391781301,107.79282298375469,107.3460715299774,107.6851378459088,314
2020-01-04 08:25:00,107.6851378459088,108.42765335287774,107.46976757021699,108.3193340188589,334
2020-01-04 08:30:00,108.3193340188589,108.53597268689661,108.10269535082118,108.27262983305867,341
2020-01-04 08:35:00,108.27262983305867,108.48917509272479,108.05608457339255,108.20373005782707,338
2020-01-04 08:40:00,108.20373005782707,108.42013751794273,107.84952679386068,107.95748427813882,342
2020-01-04 08:45:00,107.95748427813882,108.1733992466951,107.66671062867105,107.77448511378483,389
2020-01-04 08:50:00,107.77448511378483,107.99003408401241,107.55893614355726,107.68794191873506,366
2020-01-04 08:55:00,107.68794191873506,107.91818085545029,107.4725660348976,107.81037048496533,483
2020-01-04 09:00:00,107.81037048496533,108.02599122593526,107.59474974399541,107.78197906395322,520
2020-01-04 09:05:00,107.78197906395322,108.09947798834853,107.56641510582531,107.9914865018467,519
2020-01-04 09:10:00,107.9914865018467,108.20746947485038,107.775503528843,107.95994802620841,520
2020-01-04 09:15:00,107.95994802620841,108.17586792226082,107.744028130156,108.0007958163409,524
2020-01-04 09:20:00,108.0007958163409,108.36470927832967,107.78479422470822,108.25645282550418,619
2020-01-04 09:25:00,108.25645282550418,108.4729657311552,108.03993991985317,108.18248018569045,611
2020-01-04 09:30:00,108.18248018569045,108.43296419741016,107.96611522531907,108.32463955785232,670
2020-01-04 09:35:00,108.32463955785232,108.54128883696802,108.10799027873662,108.28734089482298,540
2020-01-04 09:40:00,108.28734089482298,108.55766406558097,108.07076621303332,108.44921485073024,546
2020-01-04 09:45:00,108.44921485073024,108.6661132804317,108.23231642102878,108.41822498232212,506
2020-01-04 09:50:00,108.41822498232212,108.63506143228676,108.20138853235747,108.43208236824367,345
2020-01-04 09:55:00,108.43208236824367,108.64894653298016,108.05872206569641,108.16688895465107,425
2020-01-04 10:00:00,108.16688895465107,108.38322273256037,107.95055517674177,108.24260647707811,442
2020-01-04 10:05:00,108.24260647707811,108.63484151278244,108.02612126412396,108.52631519758486,471
2020-01-04 10:10:00,108.52631519758486,108.81989338484433,108.30926256718969,108.71118220264171,377
2020-01-04 10:15:00,108.71118220264171,108.92860456704699,108.49375983823643,108.61194144020706,304
2020-01-04 10:20:00,108.61194144020706,108.92001478347676,108.39471755732664,108.81120357989687,313
2020-01-04 10:25:00,108.81120357989687,109.02882598705666,108.59358117273707,108.7181126519325,269
2020-01-04 10:30:00,108.7181126519325,108.93554887723637,108.29786125665296,108.40626752417714,198
2020-01-04 10:35:00,108.40626752417714,108.83814670188721,108.18945498912879,108.72941728460262,221
2020-01-04 10:40:00,108.72941728460262,109.04445594104332,108.51195845003342,108.93552042062271,229
2020-01-04 10:45:00,108.93552042062271,109.15339146146395,108.71764937978146,108.96817010099664,298
2020-01-04 10:50:00,108.96817010099664,109.19698548466371,108.75023376079466,109.08789758707665,223
2020-01-04 10:55:00,109.08789758707665,109.3060733822508,108.82187263573005,108.93080343916921,224
2020-01-04 11:00:00,108.93080343916921,109.14866504604755,108.63738630706169,108.7461324395012,353
2020-01-04 11:05:00,108.7461324395012,108.9636247043802,108.5286401746222,108.84434949742167,344
2020-01-04 11:10:00,108.84434949742167,109.06203819641652,108.58024414600902,108.68893307908812,359
2020-01-04 11:15:00,108.68893307908812,108.90631094524629,108.377998146324,108.48648463095496,363
